Borrower_ID,Age,Gender,Employment_Type,Monthly_Income,Num_Dependents,Loan_ID,Loan_Amount,Loan_Tenure,Interest_Rate,Loan_Type,Collateral_Value,Outstanding_Loan_Amount,Monthly_EMI,Payment_History,Num_Missed_Payments,Days_Past_Due,Recovery_Status,Collection_Attempts,Collection_Method,Legal_Action_Taken
BRW_1,59,Male,Salaried,215422,0,LN_1,1445796,60,12.39,Home,1727997.25789665,291413.005791598,4856.88,On-Time,0,0,Partially Recovered,1,Settlement Offer,No
BRW_2,49,Female,Salaried,60893,0,LN_2,1044620,12,13.47,Auto,1180032.36168975,665204.153912951,55433.68,On-Time,0,0,Fully Recovered,2,Settlement Offer,No
BRW_3,35,Male,Salaried,116520,1,LN_3,1923410,72,7.74,Home,2622539.93058324,1031371.99739342,14324.61,Delayed,2,124,Fully Recovered,2,Legal Notice,No
BRW_4,63,Female,Salaried,140818,2,LN_4,1811663,36,12.23,Home,1145492.68010532,224973.921257009,6249.28,On-Time,1,56,Fully Recovered,2,Calls,No
BRW_5,28,Male,Salaried,76272,1,LN_5,88578,48,16.13,Personal,0.0,39189.89200788191,816.46,On-Time,1,69,Fully Recovered,0,Debt Collectors,No
BRW_6,41,Male,Salaried,238224,3,LN_6,664741,36,15.86,Auto,982214.627829724,129965.525042383,3610.15,On-Time,1,111,Partially Recovered,6,Legal Notice,No
BRW_7,59,Female,Self-Employed,82649,1,LN_7,1514110,60,17.06,Home,1639218.85925618,875490.423272566,14591.51,On-Time,0,0,Partially Recovered,8,Debt Collectors,No
BRW_8,39,Male,Salaried,79674,0,LN_8,912147,12,9.76,Personal,0.0,416121.380852301,34676.78,Delayed,0,0,Fully Recovered,0,Settlement Offer,No
BRW_9,43,Male,Self-Employed,159832,3,LN_9,258859,72,9.13,Home,387116.943602344,168733.801500595,2343.53,On-Time,3,124,Fully Recovered,3,Settlement Offer,No
BRW_10,31,Male,Self-Employed,167999,0,LN_10,161435,60,14.74,Personal,0.0,133190.654768456,2219.84,Delayed,0,0,Partially Recovered,6,Legal Notice,No
BRW_11,31,Male,Business Owner,101475,2,LN_11,790389,24,10.6,Auto,1115645.71266238,292208.248217513,12175.34,On-Time,0,0,Fully Recovered,0,Calls,No
BRW_12,44,Female,Self-Employed,76367,0,LN_12,1250114,60,6.14,Home,901978.843110403,1207474.97886154,20124.58,On-Time,0,0,Fully Recovered,1,Settlement Offer,No
BRW_13,56,Male,Self-Employed,244027,0,LN_13,1980750,60,8.68,Business,1101617.90111599,1152937.23333495,19215.62,Delayed,1,7,Written Off,8,Debt Collectors,No
BRW_14,60,Male,Business Owner,158660,1,LN_14,95475,48,10.44,Personal,0.0,62675.682610002,1305.74,Missed,3,99,Fully Recovered,2,Debt Collectors,No
BRW_15,44,Male,Business Owner,136750,0,LN_15,896574,36,8.8,Auto,677486.364880482,638903.237117243,17747.31,Delayed,0,0,Written Off,9,Legal Notice,No
BRW_16,23,Female,Salaried,247750,3,LN_16,1839096,36,9.32,Home,1889788.19662024,1287474.56067148,35763.18,On-Time,1,86,Fully Recovered,3,Debt Collectors,No
BRW_17,42,Male,Salaried,133154,3,LN_17,1256212,24,8.82,Auto,843667.415463697,703320.021155911,29305.0,On-Time,3,171,Fully Recovered,3,Calls,No
BRW_18,22,Male,Salaried,198305,2,LN_18,1252060,36,5.54,Personal,0.0,608360.756499746,16898.91,Delayed,1,173,Fully Recovered,0,Settlement Offer,No
BRW_19,44,Female,Salaried,59738,3,LN_19,1192102,72,13.28,Home,795680.096359383,176912.428353803,2457.12,On-Time,3,103,Written Off,3,Debt Collectors,Yes
BRW_20,64,Female,Self-Employed,48397,1,LN_20,1149577,12,12.76,Auto,1106575.4021005,137808.141805415,11484.01,On-Time,2,42,Fully Recovered,2,Debt Collectors,No
BRW_21,50,Male,Self-Employed,97189,2,LN_21,894081,60,13.49,Personal,0.0,377449.772492144,6290.83,Delayed,0,0,Fully Recovered,1,Settlement Offer,No
BRW_22,58,Male,Self-Employed,91367,3,LN_22,242029,36,7.5,Personal,0.0,96882.9505292638,2691.19,Delayed,1,119,Written Off,4,Legal Notice,No
BRW_23,22,Male,Salaried,217332,1,LN_23,478733,48,8.84,Home,255292.97564182,214915.518105388,4477.41,Missed,11,32,Fully Recovered,3,Debt Collectors,No
BRW_24,41,Male,Self-Employed,135585,3,LN_24,718516,60,13.06,Home,446836.53750875697,161329.389606441,2688.82,Missed,6,159,Fully Recovered,3,Legal Notice,No
BRW_25,53,Male,Self-Employed,91619,3,LN_25,990568,72,12.8,Personal,0.0,757142.080668226,10515.86,Delayed,2,136,Fully Recovered,0,Legal Notice,No
BRW_26,32,Male,Self-Employed,126453,0,LN_26,1648575,36,11.58,Personal,0.0,1436350.59908076,39898.63,On-Time,2,6,Partially Recovered,0,Debt Collectors,No
BRW_27,42,Male,Business Owner,34816,3,LN_27,1652970,48,9.56,Personal,0.0,1561797.4177508,32537.45,On-Time,1,100,Fully Recovered,1,Calls,No
BRW_28,64,Male,Self-Employed,188312,3,LN_28,1950466,36,16.87,Auto,1786356.40322966,1059348.93942704,29426.36,On-Time,1,151,Fully Recovered,1,Legal Notice,No
BRW_29,45,Female,Salaried,152348,1,LN_29,1581064,12,9.42,Home,890344.426771984,1155408.57314984,96284.05,On-Time,2,144,Fully Recovered,2,Debt Collectors,No
BRW_30,47,Female,Self-Employed,94530,1,LN_30,1491149,36,10.92,Auto,1337195.40567861,1297293.68194425,36035.94,On-Time,0,0,Fully Recovered,0,Legal Notice,No
BRW_31,62,Male,Salaried,169571,0,LN_31,267583,48,13.82,Business,260627.518661283,127493.131341755,2656.11,On-Time,0,0,Written Off,8,Settlement Offer,Yes
BRW_32,48,Female,Salaried,234648,3,LN_32,413898,36,12.06,Home,393727.349031634,156648.603274158,4351.35,On-Time,3,169,Written Off,6,Calls,No
BRW_33,36,Female,Self-Employed,123856,0,LN_33,188286,60,9.51,Personal,0.0,177563.507751087,2959.39,On-Time,0,0,Partially Recovered,1,Calls,No
BRW_34,35,Male,Salaried,228567,3,LN_34,277189,36,10.66,Personal,0.0,156364.780764853,4343.47,On-Time,2,6,Partially Recovered,3,Settlement Offer,No
BRW_35,64,Male,Self-Employed,86635,2,LN_35,1225055,48,15.33,Personal,0.0,670752.524033829,13974.01,On-Time,2,21,Partially Recovered,1,Settlement Offer,No
BRW_36,23,Male,Salaried,122803,2,LN_36,1518919,36,8.62,Business,2079665.70523184,395791.539078516,10994.21,On-Time,2,164,Fully Recovered,3,Legal Notice,No
BRW_37,57,Male,Self-Employed,231184,0,LN_37,1234789,60,6.85,Home,1271909.78881087,243672.660061019,4061.21,Delayed,0,0,Partially Recovered,1,Settlement Offer,No
BRW_38,27,Female,Salaried,50946,0,LN_38,603172,72,9.07,Personal,0.0,517458.952412114,7186.93,On-Time,3,109,Fully Recovered,1,Calls,No
BRW_39,41,Male,Business Owner,70204,0,LN_39,1363428,48,16.04,Personal,0.0,889936.531328696,18540.34,On-Time,0,0,Fully Recovered,3,Settlement Offer,No
BRW_40,29,Male,Self-Employed,197958,1,LN_40,854807,60,6.16,Home,827436.475189469,336146.121672722,5602.44,Delayed,3,34,Partially Recovered,4,Debt Collectors,No
BRW_41,59,Female,Salaried,217724,1,LN_41,1637952,36,17.89,Home,1491698.02990777,446444.44867214,12401.23,On-Time,0,0,Fully Recovered,2,Debt Collectors,No
BRW_42,38,Female,Salaried,30563,1,LN_42,1418335,48,12.03,Personal,0.0,850926.611382455,17727.64,On-Time,2,118,Partially Recovered,6,Legal Notice,No
BRW_43,24,Male,Business Owner,107324,0,LN_43,1470858,36,17.8,Business,1938036.88696618,920061.92216765,25557.28,On-Time,2,46,Fully Recovered,3,Calls,No
BRW_44,45,Female,Salaried,238536,3,LN_44,1798982,36,17.21,Home,2509681.71957683,515038.186479534,14306.62,On-Time,1,12,Partially Recovered,7,Debt Collectors,No
BRW_45,34,Female,Salaried,247944,2,LN_45,322158,60,10.89,Personal,0.0,279074.255636299,4651.24,Missed,11,66,Fully Recovered,1,Settlement Offer,No
BRW_46,29,Female,Salaried,24847,0,LN_46,1818361,72,7.58,Auto,2460683.32953174,319736.833396768,4440.79,On-Time,0,0,Partially Recovered,7,Debt Collectors,No
BRW_47,46,Male,Salaried,41155,1,LN_47,1495065,24,7.14,Personal,0.0,628650.577536903,26193.77,Delayed,0,0,Partially Recovered,8,Debt Collectors,No
BRW_48,22,Female,Self-Employed,94671,1,LN_48,752495,48,8.12,Business,883087.932310981,536036.782490806,11167.43,On-Time,1,97,Fully Recovered,1,Legal Notice,No
BRW_49,40,Male,Self-Employed,131891,0,LN_49,1463562,48,14.23,Business,932818.431653405,507429.133120761,10571.44,On-Time,2,83,Fully Recovered,3,Settlement Offer,No
BRW_50,48,Female,Salaried,98310,0,LN_50,1588814,24,8.55,Auto,1234301.88370848,1342401.14322909,55933.38,On-Time,0,0,Fully Recovered,1,Settlement Offer,No
BRW_51,27,Female,Salaried,213350,1,LN_51,128077,24,9.44,Auto,69938.1190071966,98091.7464647499,4087.16,On-Time,1,54,Fully Recovered,1,Settlement Offer,No
BRW_52,64,Female,Self-Employed,164381,3,LN_52,1238360,36,10.83,Personal,0.0,1003220.89679716,27867.25,On-Time,0,0,Partially Recovered,1,Legal Notice,No
BRW_53,28,Female,Salaried,146691,1,LN_53,1304352,24,16.87,Business,1866298.24386151,270256.36345548,11260.68,On-Time,3,116,Written Off,4,Settlement Offer,Yes
BRW_54,55,Female,Salaried,229266,1,LN_54,365018,24,7.46,Home,423712.357710717,82673.8084100094,3444.74,On-Time,2,83,Fully Recovered,3,Settlement Offer,No
BRW_55,34,Female,Business Owner,196180,0,LN_55,119087,36,5.07,Auto,148425.616804211,42612.4682061103,1183.68,Delayed,3,86,Partially Recovered,5,Debt Collectors,No
BRW_56,37,Male,Self-Employed,49707,3,LN_56,1897305,36,5.78,Business,1539799.11936806,1074385.85632364,29844.05,On-Time,2,97,Partially Recovered,8,Debt Collectors,No
BRW_57,56,Male,Self-Employed,166409,1,LN_57,1863205,60,16.76,Business,2507228.37097476,1440657.06476804,24010.95,Delayed,1,71,Fully Recovered,2,Settlement Offer,No
BRW_58,60,Male,Self-Employed,96537,1,LN_58,863560,48,13.42,Auto,655963.011679294,736511.154422937,15343.98,Delayed,2,107,Partially Recovered,0,Calls,No
BRW_59,24,Female,Salaried,212576,2,LN_59,1691232,72,8.55,Personal,0.0,1241198.1825692,17238.86,On-Time,2,64,Partially Recovered,4,Calls,No
BRW_60,22,Male,Self-Employed,193686,0,LN_60,793859,36,7.3,Business,398234.411377532,742843.392597528,20634.54,On-Time,1,20,Fully Recovered,2,Settlement Offer,No
BRW_61,26,Male,Salaried,237500,2,LN_61,1439678,60,8.83,Home,1261755.34041187,1101165.30059316,18352.76,On-Time,2,120,Fully Recovered,3,Calls,No
BRW_62,62,Male,Salaried,106155,2,LN_62,345064,72,6.49,Business,369481.239665662,129620.219945224,1800.28,Delayed,0,0,Fully Recovered,1,Legal Notice,No
BRW_63,24,Male,Salaried,15281,1,LN_63,301514,60,17.24,Home,295093.216544617,102084.546529454,1701.41,On-Time,1,4,Written Off,7,Debt Collectors,No
BRW_64,49,Female,Salaried,173492,0,LN_64,978660,36,15.19,Personal,0.0,711068.133070498,19751.89,Delayed,1,138,Written Off,8,Legal Notice,No
BRW_65,38,Female,Self-Employed,226968,3,LN_65,192180,60,11.01,Personal,0.0,52577.2793016931,876.29,On-Time,1,13,Partially Recovered,7,Debt Collectors,No
BRW_66,46,Male,Salaried,185102,1,LN_66,834192,24,16.24,Home,1136233.02152826,153026.958113497,6376.12,Delayed,3,89,Fully Recovered,2,Calls,No
BRW_67,64,Female,Salaried,147130,3,LN_67,485928,36,8.24,Auto,294183.379794108,281352.597419809,7815.35,On-Time,3,57,Fully Recovered,2,Calls,No
BRW_68,54,Male,Salaried,232285,3,LN_68,970114,48,14.32,Personal,0.0,814388.790842087,16966.43,Delayed,2,166,Fully Recovered,3,Settlement Offer,No
BRW_69,30,Male,Salaried,91260,0,LN_69,651891,48,16.13,Home,686978.01653816,124668.84619877,2597.27,On-Time,1,17,Fully Recovered,3,Calls,No
BRW_70,56,Female,Self-Employed,174476,2,LN_70,1132448,12,9.64,Personal,0.0,920342.971264843,76695.25,On-Time,2,166,Partially Recovered,5,Calls,No
BRW_71,34,Male,Salaried,249554,0,LN_71,1371448,72,14.85,Auto,1389248.50335318,1138870.72200153,15817.65,On-Time,0,0,Written Off,3,Settlement Offer,Yes
BRW_72,51,Male,Self-Employed,175928,3,LN_72,407246,60,8.84,Home,318219.166417685,217488.341693487,3624.81,On-Time,1,10,Written Off,3,Settlement Offer,No
BRW_73,35,Female,Salaried,155272,1,LN_73,1587111,48,8.89,Personal,0.0,240573.141087948,5011.94,Missed,0,0,Partially Recovered,9,Debt Collectors,No
BRW_74,28,Male,Salaried,79178,3,LN_74,1482769,72,6.39,Personal,0.0,381265.677229545,5295.36,On-Time,2,7,Fully Recovered,3,Calls,No
BRW_75,34,Male,Self-Employed,48997,1,LN_75,1905591,36,10.72,Personal,0.0,1403817.72880089,38994.94,On-Time,3,63,Fully Recovered,1,Debt Collectors,No
BRW_76,43,Male,Salaried,171683,1,LN_76,135774,72,14.49,Home,179524.199757031,100554.244832881,1396.59,On-Time,2,51,Fully Recovered,3,Debt Collectors,No
BRW_77,60,Male,Self-Employed,134273,0,LN_77,438518,48,17.22,Personal,0.0,398402.262700377,8300.05,On-Time,0,0,Partially Recovered,0,Legal Notice,No
BRW_78,41,Male,Salaried,187307,3,LN_78,1297098,24,12.85,Personal,0.0,809930.731791291,33747.11,On-Time,1,5,Partially Recovered,5,Calls,No
BRW_79,36,Male,Salaried,181129,2,LN_79,1318933,60,16.22,Business,1652423.43624869,279213.672538752,4653.56,Delayed,2,159,Fully Recovered,3,Calls,No
BRW_80,38,Female,Business Owner,147311,3,LN_80,462672,60,15.69,Auto,570409.425921193,96824.9494438168,1613.75,On-Time,1,39,Fully Recovered,3,Legal Notice,No
BRW_81,44,Female,Salaried,249746,3,LN_81,1976126,60,7.25,Home,2719529.7373129,1480156.1607327,24669.27,Missed,10,61,Fully Recovered,3,Debt Collectors,No
BRW_82,46,Female,Salaried,211733,2,LN_82,1164518,72,11.32,Business,1423954.67754657,309070.295577911,4292.64,On-Time,3,32,Fully Recovered,1,Calls,No
BRW_83,45,Female,Self-Employed,141945,0,LN_83,587977,60,6.52,Personal,0.0,232572.508817266,3876.21,On-Time,3,121,Fully Recovered,3,Debt Collectors,No
BRW_84,61,Female,Salaried,60272,3,LN_84,1656140,48,13.87,Home,1212031.63686043,891816.163829293,18579.5,Delayed,3,171,Fully Recovered,0,Legal Notice,No
BRW_85,49,Male,Self-Employed,104393,3,LN_85,1608141,72,17.35,Home,1938714.82467505,196656.97349117,2731.35,Delayed,1,29,Fully Recovered,1,Settlement Offer,No
BRW_86,35,Male,Salaried,76212,1,LN_86,1621128,60,6.78,Home,1309389.64646505,525143.542471291,8752.39,On-Time,2,144,Partially Recovered,8,Debt Collectors,No
BRW_87,21,Male,Business Owner,161470,3,LN_87,676256,36,14.54,Personal,0.0,315879.615581629,8774.43,Delayed,1,55,Fully Recovered,2,Calls,No
BRW_88,45,Male,Self-Employed,135030,2,LN_88,463089,72,13.22,Home,343692.91665476,162855.75278523,2261.89,On-Time,1,119,Fully Recovered,0,Settlement Offer,No
BRW_89,27,Male,Self-Employed,71503,1,LN_89,1898058,24,12.59,Home,1087594.05353188,422760.71191119,17615.03,On-Time,2,179,Fully Recovered,3,Debt Collectors,No
BRW_90,29,Male,Business Owner,152710,0,LN_90,640504,60,10.07,Auto,796805.281827008,483715.686850746,8061.93,Delayed,3,65,Fully Recovered,0,Debt Collectors,No
BRW_91,44,Female,Salaried,21570,1,LN_91,1838380,72,9.62,Personal,0.0,1529224.94767695,21239.24,On-Time,3,94,Fully Recovered,3,Settlement Offer,No
BRW_92,21,Female,Business Owner,83785,2,LN_92,396184,60,5.59,Personal,0.0,131426.545616073,2190.44,On-Time,2,42,Fully Recovered,0,Settlement Offer,No
BRW_93,64,Male,Salaried,24110,2,LN_93,595932,60,7.83,Personal,0.0,474944.42243375105,7915.74,Delayed,1,155,Fully Recovered,1,Settlement Offer,No
BRW_94,28,Male,Salaried,94141,1,LN_94,112021,60,5.2,Personal,0.0,50073.1862540196,834.55,Missed,2,155,Fully Recovered,3,Calls,No
BRW_95,44,Male,Salaried,27115,0,LN_95,742485,48,12.56,Home,899150.049233306,412834.439480011,8600.72,On-Time,3,29,Partially Recovered,10,Calls,No
BRW_96,31,Female,Salaried,54062,1,LN_96,510115,72,6.38,Personal,0.0,444004.589487209,6166.73,On-Time,0,0,Fully Recovered,1,Debt Collectors,No
BRW_97,37,Female,Salaried,37911,0,LN_97,92291,24,16.35,Auto,67787.6912940198,71521.6777225034,2980.07,On-Time,0,0,Partially Recovered,1,Debt Collectors,No
BRW_98,28,Male,Self-Employed,119061,1,LN_98,478276,24,11.8,Personal,0.0,394388.86046208703,16432.87,Missed,1,41,Fully Recovered,3,Legal Notice,No
BRW_99,55,Female,Self-Employed,47556,2,LN_99,444754,36,14.1,Personal,0.0,99251.5916979537,2756.99,Delayed,1,79,Fully Recovered,2,Calls,No
BRW_100,55,Male,Business Owner,224203,3,LN_100,1003680,48,10.34,Home,1253976.7315057,163346.393988718,3403.05,On-Time,1,27,Fully Recovered,2,Debt Collectors,No
BRW_101,53,Male,Salaried,143335,3,LN_101,353664,48,12.29,Personal,0.0,319734.981097357,6661.15,On-Time,3,148,Fully Recovered,3,Settlement Offer,No
BRW_102,25,Male,Self-Employed,16969,0,LN_102,75675,60,17.25,Home,107295.108828105,33981.9225148133,566.37,On-Time,0,0,Written Off,10,Settlement Offer,Yes
BRW_103,62,Male,Salaried,58753,0,LN_103,723647,36,6.08,Home,439998.331001909,259855.638856481,7218.21,Delayed,3,6,Partially Recovered,1,Calls,No
BRW_104,59,Female,Salaried,228883,0,LN_104,312318,48,8.3,Personal,0.0,234933.91626469,4894.46,Delayed,3,79,Written Off,5,Settlement Offer,Yes
BRW_105,61,Female,Salaried,150542,2,LN_105,1190844,12,15.14,Personal,0.0,1015520.84522419,84626.74,Delayed,3,147,Written Off,10,Legal Notice,No
BRW_106,48,Male,Salaried,136863,1,LN_106,1395718,36,6.28,Personal,0.0,1222984.86108699,33971.8,Missed,8,173,Partially Recovered,8,Debt Collectors,No
BRW_107,27,Female,Self-Employed,25225,2,LN_107,758672,48,5.98,Personal,0.0,291631.564746583,6075.66,On-Time,2,96,Fully Recovered,3,Debt Collectors,No
BRW_108,29,Female,Salaried,138008,3,LN_108,679698,12,9.7,Personal,0.0,589292.152087496,49107.68,On-Time,0,0,Fully Recovered,2,Debt Collectors,No
BRW_109,28,Female,Salaried,169268,0,LN_109,387369,36,6.2,Personal,0.0,53007.7869885112,1472.44,On-Time,0,0,Written Off,10,Calls,No
BRW_110,32,Male,Salaried,120823,1,LN_110,1929822,24,12.61,Personal,0.0,279236.2548946,11634.84,On-Time,2,101,Partially Recovered,7,Settlement Offer,No
BRW_111,54,Male,Salaried,28669,3,LN_111,1445811,12,7.94,Home,1059254.11078262,955922.919984545,79660.24,On-Time,2,50,Fully Recovered,0,Legal Notice,No
BRW_112,53,Male,Salaried,183452,3,LN_112,362863,48,16.64,Home,453673.382524906,56895.369774737,1185.32,On-Time,0,0,Partially Recovered,9,Calls,No
BRW_113,43,Male,Business Owner,139398,3,LN_113,179887,24,15.19,Home,139323.681977168,70542.3725462087,2939.27,Delayed,2,19,Fully Recovered,0,Debt Collectors,No
BRW_114,44,Male,Salaried,125677,2,LN_114,346063,60,14.1,Personal,0.0,244140.659381712,4069.01,Delayed,3,151,Fully Recovered,1,Legal Notice,No
BRW_115,57,Female,Salaried,63320,0,LN_115,1433875,60,13.02,Personal,0.0,578626.213521779,9643.77,On-Time,1,176,Fully Recovered,2,Debt Collectors,No
BRW_116,55,Male,Salaried,193486,3,LN_116,383713,48,16.23,Auto,431548.187564328,100394.593842151,2091.55,On-Time,3,160,Partially Recovered,3,Debt Collectors,No
BRW_117,64,Male,Self-Employed,249614,0,LN_117,1926336,72,7.9,Home,1119517.56749653,680411.848349498,9450.16,On-Time,0,0,Partially Recovered,1,Calls,No
BRW_118,60,Male,Business Owner,161649,2,LN_118,1300130,48,16.35,Auto,1237987.00915688,665429.675046879,13863.12,Delayed,2,62,Fully Recovered,3,Debt Collectors,No
BRW_119,42,Male,Self-Employed,140354,3,LN_119,1909626,48,15.26,Personal,0.0,1007990.87047716,20999.81,Delayed,1,26,Fully Recovered,0,Legal Notice,No
BRW_120,47,Male,Self-Employed,103009,2,LN_120,608963,72,14.73,Home,754560.829611095,490032.652893698,6806.01,On-Time,0,0,Fully Recovered,0,Debt Collectors,No
BRW_121,55,Male,Salaried,201481,2,LN_121,1593586,24,12.3,Home,1890812.00843852,1235248.91584916,51468.7,On-Time,2,178,Partially Recovered,7,Settlement Offer,No
BRW_122,21,Male,Salaried,43625,0,LN_122,855351,72,8.2,Personal,0.0,437200.709350405,6072.23,On-Time,1,77,Fully Recovered,1,Debt Collectors,No
BRW_123,55,Male,Business Owner,227112,3,LN_123,840605,12,10.51,Home,1105456.18318859,723845.481790256,60320.46,On-Time,1,175,Fully Recovered,2,Calls,No
BRW_124,57,Male,Self-Employed,39089,2,LN_124,421513,36,15.32,Home,580613.978240882,85488.4950991675,2374.68,On-Time,2,153,Fully Recovered,0,Legal Notice,No
BRW_125,34,Female,Self-Employed,51487,3,LN_125,862832,12,5.41,Personal,0.0,284577.537696233,23714.79,Delayed,1,30,Fully Recovered,0,Calls,No
BRW_126,23,Male,Self-Employed,211910,0,LN_126,231517,60,15.17,Personal,0.0,195673.264210586,3261.22,Delayed,0,0,Fully Recovered,2,Settlement Offer,No
BRW_127,21,Male,Self-Employed,243071,2,LN_127,120305,48,8.12,Auto,153170.341118935,52957.6155352274,1103.28,On-Time,2,144,Partially Recovered,0,Debt Collectors,No
BRW_128,25,Male,Self-Employed,125448,0,LN_128,742924,60,6.88,Business,870400.652335159,730341.395546821,12172.36,Delayed,3,10,Fully Recovered,2,Calls,No
BRW_129,46,Female,Business Owner,240867,3,LN_129,1537606,36,6.5,Personal,0.0,798983.0588772,22193.97,Missed,0,0,Partially Recovered,5,Calls,No
BRW_130,34,Male,Business Owner,65138,3,LN_130,522963,36,5.35,Personal,0.0,425034.02627279906,11806.5,On-Time,0,0,Fully Recovered,2,Calls,No
BRW_131,59,Male,Self-Employed,188895,0,LN_131,1711655,12,11.81,Personal,0.0,790915.27302561,65909.61,On-Time,2,88,Fully Recovered,3,Calls,No
BRW_132,47,Female,Self-Employed,183280,1,LN_132,1257610,36,7.84,Home,668699.522932759,606744.215597293,16854.01,Missed,12,136,Fully Recovered,1,Settlement Offer,No
BRW_133,29,Male,Salaried,69061,2,LN_133,528108,72,17.86,Personal,0.0,234794.08783136,3261.03,On-Time,2,109,Partially Recovered,3,Settlement Offer,No
BRW_134,35,Female,Self-Employed,176731,3,LN_134,1053346,36,12.47,Business,1090178.00556914,787026.485706323,21861.85,Missed,3,169,Written Off,8,Debt Collectors,Yes
BRW_135,35,Male,Salaried,116376,3,LN_135,644821,60,6.79,Personal,0.0,382228.026565705,6370.47,Missed,0,0,Written Off,6,Debt Collectors,No
BRW_136,46,Male,Salaried,177962,2,LN_136,237256,60,13.95,Personal,0.0,225250.917631732,3754.18,Delayed,1,94,Fully Recovered,1,Legal Notice,No
BRW_137,62,Male,Business Owner,94134,0,LN_137,526128,36,16.67,Home,282897.828614002,171413.17841171,4761.48,Delayed,0,0,Fully Recovered,1,Settlement Offer,No
BRW_138,33,Female,Salaried,62055,0,LN_138,1073920,48,14.69,Auto,1404760.19015724,204588.696315147,4262.26,Delayed,0,0,Partially Recovered,2,Calls,No
BRW_139,52,Male,Salaried,34508,0,LN_139,940023,12,5.99,Home,771499.929656423,426709.656906678,35559.14,Delayed,3,17,Partially Recovered,1,Calls,No
BRW_140,59,Female,Salaried,188359,1,LN_140,1764514,24,16.65,Home,1874671.50464231,1155829.78595858,48159.57,On-Time,0,0,Fully Recovered,3,Legal Notice,No
BRW_141,52,Male,Salaried,224988,1,LN_141,1753924,12,15.32,Business,1367087.831194,1534190.72316752,127849.23,On-Time,1,129,Partially Recovered,9,Calls,No
BRW_142,24,Female,Self-Employed,173056,3,LN_142,1772560,48,7.06,Personal,0.0,729545.278108673,15198.86,On-Time,1,165,Fully Recovered,1,Legal Notice,No
BRW_143,50,Male,Salaried,125169,0,LN_143,1083668,36,5.67,Auto,1389804.3664603,746005.802915789,20722.38,Delayed,3,87,Fully Recovered,3,Debt Collectors,No
BRW_144,57,Female,Salaried,23125,2,LN_144,875626,48,12.25,Personal,0.0,363541.363242674,7573.78,On-Time,1,3,Fully Recovered,1,Settlement Offer,No
BRW_145,43,Male,Salaried,51059,3,LN_145,1470623,48,7.03,Auto,2039022.50523769,963989.883321853,20083.12,On-Time,2,107,Fully Recovered,1,Legal Notice,No
BRW_146,59,Male,Self-Employed,215641,2,LN_146,1492181,36,15.85,Home,1340937.25565734,1337482.34648733,37152.29,On-Time,3,125,Fully Recovered,3,Calls,No
BRW_147,35,Male,Self-Employed,118409,3,LN_147,1460023,60,9.66,Personal,0.0,450011.031032058,7500.18,Delayed,1,27,Fully Recovered,2,Legal Notice,No
BRW_148,63,Male,Salaried,163159,1,LN_148,292188,60,16.87,Auto,398229.568315189,135521.901231574,2258.7,Missed,8,110,Fully Recovered,3,Debt Collectors,No
BRW_149,49,Male,Salaried,20704,3,LN_149,426047,12,12.35,Personal,0.0,423464.591428974,35288.72,Missed,12,92,Fully Recovered,2,Calls,No
BRW_150,56,Male,Salaried,206648,1,LN_150,903823,24,7.37,Personal,0.0,796901.937049161,33204.25,On-Time,1,162,Fully Recovered,0,Debt Collectors,No
BRW_151,33,Female,Self-Employed,219456,3,LN_151,287501,60,6.81,Home,220534.831718703,174851.171406514,2914.19,Delayed,2,117,Partially Recovered,7,Debt Collectors,No
BRW_152,52,Male,Self-Employed,233200,0,LN_152,1418722,36,12.49,Personal,0.0,801528.037333613,22264.67,Delayed,3,39,Fully Recovered,2,Legal Notice,No
BRW_153,27,Female,Salaried,126279,2,LN_153,347675,60,14.9,Home,359725.736430283,123821.094126002,2063.68,On-Time,2,111,Fully Recovered,1,Debt Collectors,No
BRW_154,42,Female,Salaried,218532,0,LN_154,758175,36,15.16,Personal,0.0,428739.232057388,11909.42,On-Time,3,45,Fully Recovered,0,Calls,No
BRW_155,48,Male,Salaried,173280,3,LN_155,1627850,36,8.58,Personal,0.0,1405426.02677751,39039.61,On-Time,3,133,Written Off,7,Debt Collectors,No
BRW_156,22,Female,Self-Employed,133516,3,LN_156,1917306,24,7.66,Personal,0.0,1374050.88481911,57252.12,Missed,1,166,Fully Recovered,2,Debt Collectors,No
BRW_157,62,Female,Salaried,231222,3,LN_157,313625,36,5.22,Personal,0.0,113231.052503589,3145.31,On-Time,1,69,Fully Recovered,2,Legal Notice,No
BRW_158,26,Male,Salaried,212096,1,LN_158,892840,48,13.83,Home,1213156.55501719,251171.542546093,5232.74,On-Time,1,157,Fully Recovered,3,Debt Collectors,No
BRW_159,48,Male,Salaried,185954,2,LN_159,250339,36,6.0,Auto,206750.309429094,84786.7359489243,2355.19,Delayed,0,0,Partially Recovered,4,Settlement Offer,No
BRW_160,48,Male,Salaried,171995,2,LN_160,1744814,60,10.47,Business,2537033.30069996,441059.808097121,7351.0,On-Time,2,137,Fully Recovered,3,Legal Notice,No
BRW_161,64,Male,Self-Employed,129044,3,LN_161,984339,72,12.82,Auto,612140.246903985,183162.48037496,2543.92,On-Time,0,0,Fully Recovered,2,Legal Notice,No
BRW_162,64,Male,Salaried,247549,3,LN_162,175355,48,17.18,Personal,0.0,83683.3614823579,1743.4,Delayed,1,123,Fully Recovered,1,Calls,No
BRW_163,40,Male,Self-Employed,44165,1,LN_163,77798,60,9.05,Home,40320.7638743493,15712.8343606788,261.88,On-Time,1,119,Fully Recovered,3,Calls,No
BRW_164,50,Female,Self-Employed,82203,0,LN_164,665937,36,8.25,Personal,0.0,169628.339659603,4711.9,Delayed,0,0,Partially Recovered,7,Calls,No
BRW_165,31,Female,Salaried,237821,0,LN_165,1425607,36,13.5,Personal,0.0,844803.611140446,23466.77,On-Time,0,0,Partially Recovered,1,Calls,No
BRW_166,48,Male,Salaried,19114,2,LN_166,69477,60,13.05,Home,97555.111891075,17239.9773649428,287.33,Delayed,0,0,Partially Recovered,3,Settlement Offer,No
BRW_167,45,Male,Self-Employed,211037,1,LN_167,1509058,36,9.32,Personal,0.0,237664.246671769,6601.78,Delayed,1,111,Partially Recovered,6,Legal Notice,No
BRW_168,59,Male,Salaried,51321,3,LN_168,267400,48,17.07,Personal,0.0,103122.800647711,2148.39,On-Time,0,0,Fully Recovered,2,Debt Collectors,No
BRW_169,53,Male,Salaried,88297,2,LN_169,1315636,24,15.98,Business,748134.656536122,392437.36387115,16351.56,On-Time,0,0,Fully Recovered,2,Calls,No
BRW_170,21,Male,Business Owner,111652,1,LN_170,439959,48,7.91,Home,656370.078759863,248037.739684336,5167.45,Delayed,2,151,Partially Recovered,4,Calls,No
BRW_171,47,Female,Salaried,114304,0,LN_171,1609757,72,8.11,Home,2336396.2583489,309283.217879672,4295.6,Delayed,0,0,Fully Recovered,0,Calls,No
BRW_172,33,Male,Salaried,171498,1,LN_172,1606407,72,11.66,Personal,0.0,1247525.5701565,17326.74,Delayed,1,68,Partially Recovered,10,Debt Collectors,No
BRW_173,61,Female,Salaried,32772,0,LN_173,1074374,60,15.06,Personal,0.0,983707.758088647,16395.13,Delayed,2,82,Fully Recovered,3,Calls,No
BRW_174,23,Female,Business Owner,118754,1,LN_174,455105,60,5.57,Auto,289911.40126208,350017.458359001,5833.62,On-Time,3,62,Fully Recovered,2,Debt Collectors,No
BRW_175,59,Male,Salaried,18712,2,LN_175,1385055,48,14.01,Personal,0.0,802700.777059189,16722.93,On-Time,1,22,Partially Recovered,0,Legal Notice,No
BRW_176,26,Female,Salaried,147439,0,LN_176,1447330,48,13.43,Home,1501727.35630362,1265836.32265874,26371.59,Missed,8,71,Partially Recovered,9,Legal Notice,No
BRW_177,28,Male,Salaried,130142,2,LN_177,323586,24,8.01,Personal,0.0,234737.872955981,9780.74,On-Time,1,115,Partially Recovered,10,Legal Notice,No
BRW_178,47,Male,Salaried,106736,2,LN_178,1931297,36,13.86,Home,1322784.5157374,211469.316021216,5874.15,On-Time,3,62,Fully Recovered,0,Settlement Offer,No
BRW_179,29,Male,Salaried,66924,0,LN_179,1938755,48,17.22,Personal,0.0,881515.328728099,18364.9,On-Time,1,118,Partially Recovered,9,Debt Collectors,No
BRW_180,57,Female,Salaried,18726,0,LN_180,873759,72,5.61,Auto,810983.935831625,756550.092606408,10507.64,On-Time,3,145,Fully Recovered,3,Calls,No
BRW_181,53,Female,Salaried,104152,3,LN_181,983703,36,9.16,Auto,552275.583928285,404570.456550162,11238.07,On-Time,3,156,Fully Recovered,2,Calls,No
BRW_182,62,Female,Salaried,42723,3,LN_182,384971,48,10.7,Auto,278689.972488641,50698.2385105649,1056.21,Missed,3,171,Written Off,3,Calls,No
BRW_183,64,Female,Salaried,141969,3,LN_183,1729328,48,16.69,Personal,0.0,1334283.20778049,27797.57,On-Time,0,0,Partially Recovered,9,Calls,No
BRW_184,44,Female,Salaried,249182,2,LN_184,181184,48,17.51,Auto,156411.218342738,148903.251766638,3102.15,On-Time,0,0,Fully Recovered,2,Settlement Offer,No
BRW_185,35,Female,Salaried,115494,2,LN_185,1185627,60,10.77,Home,1112885.81977423,289926.498785802,4832.11,Missed,10,97,Partially Recovered,3,Calls,No
BRW_186,52,Female,Salaried,155180,3,LN_186,200653,24,14.75,Personal,0.0,117102.384441767,4879.27,Missed,6,86,Fully Recovered,1,Settlement Offer,No
BRW_187,52,Female,Self-Employed,223786,2,LN_187,295300,48,11.91,Home,436304.645049086,80545.997021894,1678.04,On-Time,2,7,Fully Recovered,2,Debt Collectors,No
BRW_188,44,Male,Salaried,50643,2,LN_188,634010,60,11.99,Personal,0.0,473802.632616362,7896.71,On-Time,3,126,Fully Recovered,1,Legal Notice,No
BRW_189,61,Male,Salaried,177396,0,LN_189,142036,48,8.62,Personal,0.0,48916.5464064304,1019.09,Delayed,3,83,Written Off,10,Calls,Yes
BRW_190,32,Female,Salaried,118896,0,LN_190,1851498,36,7.82,Auto,2421510.6272526,712074.300296185,19779.84,Delayed,3,46,Fully Recovered,0,Legal Notice,No
BRW_191,59,Male,Self-Employed,229432,2,LN_191,197595,60,8.74,Personal,0.0,170025.314242514,2833.76,Delayed,0,0,Partially Recovered,10,Debt Collectors,No
BRW_192,22,Male,Self-Employed,154999,3,LN_192,903392,60,12.23,Home,1117866.24441186,477614.42216441,7960.24,Delayed,0,0,Fully Recovered,0,Debt Collectors,No
BRW_193,23,Female,Salaried,108680,1,LN_193,1871573,12,5.38,Personal,0.0,1315302.2127769,109608.52,Delayed,0,0,Partially Recovered,4,Calls,No
BRW_194,57,Male,Salaried,111546,3,LN_194,331696,60,16.79,Auto,343982.455934654,153288.578289196,2554.81,On-Time,3,124,Fully Recovered,3,Debt Collectors,No
BRW_195,37,Male,Business Owner,168515,1,LN_195,1615188,60,7.03,Business,2164348.30295501,594722.189691361,9912.04,Delayed,2,54,Partially Recovered,0,Legal Notice,No
BRW_196,22,Female,Salaried,94973,3,LN_196,1240456,48,7.86,Auto,1041143.04742614,822335.81162992,17132.0,On-Time,0,0,Fully Recovered,2,Calls,No
BRW_197,22,Female,Salaried,78449,0,LN_197,285419,72,11.74,Personal,0.0,68321.2645424028,948.91,Delayed,1,90,Partially Recovered,2,Settlement Offer,No
BRW_198,48,Male,Salaried,124834,2,LN_198,1040029,60,14.23,Personal,0.0,453140.481386292,7552.34,Delayed,1,66,Written Off,1,Calls,No
BRW_199,43,Female,Salaried,222815,2,LN_199,204692,60,6.24,Home,247451.977191796,58978.5883309393,982.98,On-Time,1,87,Partially Recovered,4,Legal Notice,No
BRW_200,57,Female,Business Owner,206305,0,LN_200,313031,60,9.13,Personal,0.0,227327.954866786,3788.8,On-Time,3,71,Fully Recovered,2,Calls,No
BRW_201,52,Male,Self-Employed,40537,1,LN_201,343946,24,17.59,Personal,0.0,326675.767802411,13611.49,On-Time,1,152,Written Off,6,Calls,Yes
BRW_202,53,Male,Salaried,247365,1,LN_202,1707888,24,8.41,Home,2551215.72614068,1700987.91252841,70874.5,On-Time,3,179,Fully Recovered,1,Legal Notice,No
BRW_203,21,Female,Salaried,92576,1,LN_203,538765,48,9.07,Home,438893.544122472,272210.547199807,5671.05,Delayed,1,70,Partially Recovered,3,Calls,No
BRW_204,39,Male,Business Owner,122522,0,LN_204,1868673,36,15.87,Business,2193854.86896423,611574.348713793,16988.18,On-Time,2,142,Partially Recovered,2,Calls,No
BRW_205,22,Male,Self-Employed,37612,1,LN_205,692927,36,5.65,Personal,0.0,345456.284419069,9596.01,Delayed,3,2,Fully Recovered,2,Legal Notice,No
BRW_206,64,Male,Self-Employed,240049,0,LN_206,1704802,72,11.04,Personal,0.0,1470464.12617894,20423.11,On-Time,1,132,Fully Recovered,2,Debt Collectors,No
BRW_207,46,Male,Business Owner,21471,3,LN_207,1316389,60,9.94,Personal,0.0,375704.148265097,6261.74,Delayed,0,0,Fully Recovered,1,Legal Notice,No
BRW_208,52,Male,Business Owner,181703,3,LN_208,1874964,48,9.12,Business,2520541.97495061,1794126.9642652,37377.65,Delayed,3,48,Fully Recovered,2,Calls,No
BRW_209,26,Male,Self-Employed,238131,0,LN_209,1483466,72,8.71,Auto,2100302.41244289,604778.220118326,8399.7,Delayed,0,0,Partially Recovered,7,Settlement Offer,No
BRW_210,52,Male,Salaried,46348,2,LN_210,1911057,60,6.19,Auto,2327538.79454992,1886639.98561631,31444.0,On-Time,0,0,Fully Recovered,2,Settlement Offer,No
BRW_211,24,Male,Salaried,210804,3,LN_211,1438509,36,9.09,Business,1127227.05030686,1229562.68897783,34154.52,Missed,10,21,Fully Recovered,2,Legal Notice,No
BRW_212,31,Female,Self-Employed,16177,1,LN_212,1707390,24,5.56,Home,1410785.8827673,1413229.71986812,58884.57,On-Time,0,0,Fully Recovered,0,Settlement Offer,No
BRW_213,37,Male,Salaried,150832,0,LN_213,451062,48,15.15,Home,234894.1594859,174161.446165372,3628.36,On-Time,0,0,Fully Recovered,3,Calls,No
BRW_214,58,Female,Self-Employed,47779,1,LN_214,533779,60,10.18,Personal,0.0,57594.4822747185,959.91,On-Time,1,61,Fully Recovered,0,Calls,No
BRW_215,44,Male,Salaried,36636,1,LN_215,547952,36,10.77,Home,690904.993237059,243246.642491316,6756.85,On-Time,1,104,Partially Recovered,2,Legal Notice,No
BRW_216,25,Female,Salaried,96889,2,LN_216,620508,60,16.62,Home,336774.267478289,230598.415515593,3843.31,Missed,6,125,Fully Recovered,1,Calls,No
BRW_217,54,Male,Salaried,68551,1,LN_217,882595,12,13.55,Home,1204435.34491061,117965.257074867,9830.44,On-Time,3,142,Partially Recovered,10,Debt Collectors,No
BRW_218,26,Female,Salaried,157628,2,LN_218,446981,60,5.1,Business,276529.540118444,247997.900946449,4133.3,Delayed,3,61,Fully Recovered,3,Calls,No
BRW_219,42,Female,Business Owner,173670,3,LN_219,429270,60,17.26,Business,288416.430364588,198635.325894906,3310.59,Delayed,1,176,Fully Recovered,2,Legal Notice,No
BRW_220,31,Male,Self-Employed,157635,0,LN_220,1966494,60,8.08,Auto,1920333.44573277,1319715.73782741,21995.26,On-Time,3,121,Partially Recovered,1,Debt Collectors,No
BRW_221,36,Female,Self-Employed,61819,1,LN_221,1173853,72,6.4,Auto,1453089.63898707,773648.585079842,10745.12,Delayed,0,0,Fully Recovered,3,Debt Collectors,No
BRW_222,53,Male,Self-Employed,88770,0,LN_222,1055782,60,14.99,Home,674647.026209493,220312.112266242,3671.87,On-Time,1,165,Fully Recovered,0,Settlement Offer,No
BRW_223,29,Male,Salaried,237127,1,LN_223,1618146,72,11.51,Personal,0.0,1584600.20154235,22008.34,On-Time,3,125,Fully Recovered,2,Calls,No
BRW_224,26,Male,Salaried,173038,0,LN_224,533455,72,10.64,Personal,0.0,143093.055123418,1987.4,On-Time,0,0,Fully Recovered,0,Legal Notice,No
BRW_225,36,Male,Salaried,227781,1,LN_225,1989253,60,8.24,Home,1870039.20628926,996111.720626737,16601.86,Missed,6,114,Fully Recovered,3,Settlement Offer,No
BRW_226,49,Male,Salaried,205961,1,LN_226,172332,60,12.12,Auto,169376.725821642,92939.6452455202,1548.99,Missed,4,4,Fully Recovered,2,Settlement Offer,No
BRW_227,23,Male,Salaried,173059,1,LN_227,1332807,12,8.57,Personal,0.0,1108570.9088099,92380.91,On-Time,3,23,Fully Recovered,2,Calls,No
BRW_228,40,Female,Salaried,93714,1,LN_228,597219,48,16.72,Business,425390.518631674,113057.520135044,2355.37,On-Time,2,75,Fully Recovered,3,Calls,No
BRW_229,56,Male,Salaried,204420,1,LN_229,139116,48,7.8,Personal,0.0,67579.7497917367,1407.91,Delayed,3,56,Fully Recovered,2,Legal Notice,No
BRW_230,39,Male,Business Owner,39596,1,LN_230,301671,36,16.5,Personal,0.0,200807.890377593,5578.0,On-Time,3,103,Fully Recovered,0,Settlement Offer,No
BRW_231,46,Male,Self-Employed,179246,1,LN_231,1940641,36,12.27,Home,1194577.82367988,569849.938633716,15829.16,Delayed,1,177,Fully Recovered,1,Legal Notice,No
BRW_232,23,Male,Salaried,79106,1,LN_232,1572494,72,15.77,Personal,0.0,1045269.95540203,14517.64,On-Time,1,62,Fully Recovered,3,Settlement Offer,No
BRW_233,39,Male,Self-Employed,216039,1,LN_233,1674777,72,14.27,Personal,0.0,1559717.06307321,21662.74,On-Time,2,78,Written Off,0,Settlement Offer,Yes
BRW_234,40,Female,Self-Employed,74182,0,LN_234,824504,60,14.06,Personal,0.0,822662.320301956,13711.04,Delayed,1,169,Fully Recovered,2,Settlement Offer,No
BRW_235,52,Male,Salaried,239372,2,LN_235,1717640,36,9.22,Auto,2295490.03415705,221929.340784863,6164.7,On-Time,0,0,Partially Recovered,9,Calls,No
BRW_236,27,Male,Self-Employed,102163,1,LN_236,1124567,12,8.04,Home,1127339.78835676,350897.972365189,29241.5,Missed,9,148,Fully Recovered,1,Settlement Offer,No
BRW_237,61,Male,Self-Employed,54310,2,LN_237,564265,12,7.74,Home,290247.328122598,214012.400222982,17834.37,Missed,11,94,Written Off,10,Settlement Offer,Yes
BRW_238,53,Male,Salaried,71088,1,LN_238,1808781,36,16.14,Home,2356807.82116318,830616.636380052,23072.68,On-Time,0,0,Fully Recovered,0,Settlement Offer,No
BRW_239,60,Female,Salaried,143803,1,LN_239,678380,12,15.67,Personal,0.0,215746.169506119,17978.85,On-Time,2,121,Written Off,10,Debt Collectors,Yes
BRW_240,59,Male,Salaried,154978,0,LN_240,279577,12,10.73,Business,413995.889736393,79159.2067484115,6596.6,Missed,0,0,Partially Recovered,7,Calls,No
BRW_241,38,Male,Salaried,51914,3,LN_241,760672,72,6.72,Personal,0.0,729559.342377464,10132.77,Missed,0,0,Fully Recovered,2,Debt Collectors,No
BRW_242,60,Female,Salaried,125350,3,LN_242,453777,60,9.97,Business,501843.871176491,420501.279606358,7008.35,On-Time,3,141,Partially Recovered,10,Calls,No
BRW_243,21,Male,Self-Employed,60379,0,LN_243,1859977,36,13.05,Home,1866874.51468347,264662.173934448,7351.73,Delayed,1,135,Fully Recovered,3,Legal Notice,No
BRW_244,31,Female,Salaried,224684,2,LN_244,145556,24,10.91,Business,200636.699361372,58940.2413554438,2455.84,On-Time,0,0,Fully Recovered,0,Debt Collectors,No
BRW_245,48,Male,Salaried,183722,3,LN_245,1947883,48,15.14,Personal,0.0,905052.08216628,18855.25,On-Time,0,0,Partially Recovered,2,Legal Notice,No
BRW_246,45,Female,Business Owner,192953,0,LN_246,1255565,12,17.97,Home,1823729.24304034,395644.955796061,32970.41,Delayed,1,88,Written Off,0,Settlement Offer,No
BRW_247,43,Male,Self-Employed,61413,0,LN_247,1422840,72,7.48,Personal,0.0,947590.96147559,13160.99,On-Time,0,0,Fully Recovered,0,Legal Notice,No
BRW_248,51,Female,Salaried,152084,3,LN_248,445204,36,10.98,Personal,0.0,301110.462936102,8364.18,Missed,9,108,Fully Recovered,2,Legal Notice,No
BRW_249,50,Male,Salaried,196187,2,LN_249,1605537,36,10.6,Home,2014205.43634729,1389518.10651421,38597.73,On-Time,0,0,Partially Recovered,7,Legal Notice,No
BRW_250,62,Male,Salaried,22151,0,LN_250,1995049,36,8.96,Personal,0.0,1529768.34372039,42493.57,Delayed,1,140,Partially Recovered,1,Legal Notice,No
BRW_251,55,Male,Self-Employed,72716,1,LN_251,702755,12,7.58,Home,664421.773635419,413442.006552764,34453.5,On-Time,3,84,Partially Recovered,1,Calls,No
BRW_252,27,Female,Salaried,108747,2,LN_252,1619192,48,5.85,Personal,0.0,1114373.42242559,23216.11,On-Time,0,0,Partially Recovered,3,Debt Collectors,No
BRW_253,36,Female,Salaried,238725,2,LN_253,1506048,60,16.53,Personal,0.0,521981.030818769,8699.68,Delayed,1,90,Fully Recovered,1,Calls,No
BRW_254,46,Female,Business Owner,182450,3,LN_254,1479210,60,10.46,Auto,1615624.81610506,937450.182085454,15624.17,On-Time,0,0,Written Off,6,Calls,No
BRW_255,22,Male,Salaried,188724,3,LN_255,793088,24,11.46,Home,952447.426771395,428509.038513594,17854.54,On-Time,0,0,Fully Recovered,3,Calls,No
BRW_256,21,Female,Self-Employed,218502,1,LN_256,700443,48,16.92,Home,486299.062893215,154104.478848432,3210.51,On-Time,3,179,Fully Recovered,2,Legal Notice,No
BRW_257,32,Male,Business Owner,159539,0,LN_257,1388950,48,15.09,Home,1315614.87369702,442088.685663926,9210.18,On-Time,2,116,Fully Recovered,3,Calls,No
BRW_258,25,Male,Salaried,177082,3,LN_258,548682,72,6.7,Auto,729648.991167609,198910.451335939,2762.65,Delayed,2,69,Fully Recovered,1,Debt Collectors,No
BRW_259,57,Male,Self-Employed,136999,3,LN_259,109778,36,12.35,Personal,0.0,102299.770086706,2841.66,On-Time,1,78,Fully Recovered,3,Calls,No
BRW_260,52,Female,Salaried,129793,2,LN_260,1144409,36,10.75,Home,1321478.08134975,351731.78923367,9770.33,On-Time,2,64,Partially Recovered,10,Settlement Offer,No
BRW_261,29,Male,Business Owner,200763,3,LN_261,859057,48,15.36,Business,782776.232366814,309534.9994821,6448.65,On-Time,1,59,Fully Recovered,0,Legal Notice,No
BRW_262,61,Male,Salaried,210229,3,LN_262,606376,48,14.42,Auto,705435.119925686,262208.331988399,5462.67,On-Time,2,30,Fully Recovered,3,Settlement Offer,No
BRW_263,55,Female,Self-Employed,123177,3,LN_263,1833586,48,13.98,Home,1133563.95966229,1278685.05383065,26639.27,On-Time,3,49,Partially Recovered,9,Debt Collectors,No
BRW_264,39,Male,Salaried,27289,3,LN_264,1464657,36,9.43,Home,1320384.78579712,302326.520282761,8397.96,On-Time,1,80,Fully Recovered,3,Debt Collectors,No
BRW_265,36,Male,Self-Employed,191048,2,LN_265,1563083,48,15.46,Auto,2021267.23450491,1498294.29012237,31214.46,On-Time,2,30,Fully Recovered,2,Debt Collectors,No
BRW_266,23,Male,Self-Employed,189668,1,LN_266,1294951,72,5.68,Home,933023.57441139,1138280.18532964,15809.45,Delayed,3,137,Fully Recovered,0,Debt Collectors,No
BRW_267,40,Male,Salaried,169243,1,LN_267,126361,48,7.08,Personal,0.0,78279.9401813356,1630.83,Delayed,2,176,Written Off,5,Calls,Yes
BRW_268,44,Male,Self-Employed,246513,0,LN_268,1448949,72,9.36,Personal,0.0,1023876.74457077,14220.51,On-Time,0,0,Fully Recovered,1,Legal Notice,No
BRW_269,53,Male,Salaried,101365,3,LN_269,1233765,48,6.0,Auto,846315.299371578,141876.095674158,2955.75,On-Time,0,0,Fully Recovered,3,Debt Collectors,No
BRW_270,44,Female,Salaried,245662,2,LN_270,1713129,72,8.05,Personal,0.0,693903.411643121,9637.55,On-Time,3,47,Fully Recovered,3,Settlement Offer,No
BRW_271,31,Male,Salaried,129014,0,LN_271,572154,60,15.79,Auto,830091.699545826,466931.56525248,7782.19,On-Time,0,0,Fully Recovered,1,Debt Collectors,No
BRW_272,28,Male,Salaried,190211,0,LN_272,672006,36,17.33,Personal,0.0,114062.720957693,3168.41,On-Time,0,0,Fully Recovered,2,Legal Notice,No
BRW_273,56,Female,Salaried,194785,1,LN_273,1421430,72,8.96,Home,1009069.78762276,503303.41802593,6990.33,On-Time,1,49,Fully Recovered,0,Settlement Offer,No
BRW_274,58,Male,Business Owner,175806,2,LN_274,1061930,24,8.44,Personal,0.0,665582.83482175,27732.62,On-Time,2,55,Fully Recovered,2,Settlement Offer,No
BRW_275,60,Male,Salaried,87588,2,LN_275,1717740,72,8.64,Personal,0.0,568179.822779622,7891.39,On-Time,1,123,Written Off,8,Settlement Offer,Yes
BRW_276,40,Male,Self-Employed,78646,2,LN_276,1034558,48,8.61,Business,787214.403925719,973084.746477505,20272.6,On-Time,2,70,Fully Recovered,2,Calls,No
BRW_277,55,Male,Salaried,18654,1,LN_277,1129525,12,5.47,Auto,1659967.94339092,246183.099963295,20515.26,On-Time,0,0,Fully Recovered,0,Debt Collectors,No
BRW_278,45,Male,Self-Employed,235094,1,LN_278,1835818,48,17.05,Home,2266700.2180468,1501065.62381099,31272.2,On-Time,1,150,Fully Recovered,3,Calls,No
BRW_279,55,Female,Business Owner,33743,1,LN_279,904568,72,7.78,Home,1085116.63668403,503983.519106356,6999.77,On-Time,2,134,Fully Recovered,2,Settlement Offer,No
BRW_280,45,Female,Salaried,63368,1,LN_280,1210117,12,10.46,Home,1637199.21685095,938200.924698626,78183.41,On-Time,2,152,Partially Recovered,3,Calls,No
BRW_281,49,Male,Self-Employed,236097,1,LN_281,1818555,48,5.13,Home,1119908.14531713,690403.122489682,14383.4,On-Time,1,72,Fully Recovered,0,Calls,No
BRW_282,38,Male,Salaried,220244,3,LN_282,111842,60,16.15,Home,134876.557411581,62971.5914916047,1049.53,On-Time,3,25,Fully Recovered,3,Calls,No
BRW_283,38,Male,Self-Employed,152513,3,LN_283,538019,60,14.51,Personal,0.0,468696.228220442,7811.6,On-Time,2,49,Partially Recovered,1,Debt Collectors,No
BRW_284,22,Female,Salaried,134735,2,LN_284,1331506,36,17.31,Home,1336417.40545221,692636.491225908,19239.9,On-Time,0,0,Fully Recovered,1,Settlement Offer,No
BRW_285,55,Male,Business Owner,170683,0,LN_285,339134,24,15.16,Auto,450760.17324212095,143707.31208417,5987.8,On-Time,2,75,Fully Recovered,0,Settlement Offer,No
BRW_286,36,Male,Salaried,134891,2,LN_286,721553,12,9.08,Business,727427.681528027,420333.374675138,35027.78,On-Time,0,0,Fully Recovered,0,Debt Collectors,No
BRW_287,61,Male,Salaried,122971,0,LN_287,1390829,48,8.22,Personal,0.0,1037038.92839854,21604.98,On-Time,1,58,Fully Recovered,2,Calls,No
BRW_288,56,Male,Self-Employed,27149,1,LN_288,180356,48,14.07,Auto,202042.249690524,90034.9796666552,1875.73,Delayed,2,92,Fully Recovered,1,Calls,No
BRW_289,53,Female,Salaried,115102,0,LN_289,818917,72,9.73,Home,800689.648924729,773867.784267326,10748.16,On-Time,0,0,Fully Recovered,1,Legal Notice,No
BRW_290,24,Male,Salaried,74189,2,LN_290,787090,12,12.36,Home,769899.107141569,287643.017780938,23970.25,On-Time,0,0,Fully Recovered,1,Legal Notice,No
BRW_291,53,Female,Salaried,167747,2,LN_291,964565,60,5.08,Personal,0.0,509210.497956066,8486.84,Delayed,1,45,Partially Recovered,1,Legal Notice,No
BRW_292,34,Male,Salaried,86031,0,LN_292,1788446,12,5.8,Home,2267695.83538477,1397196.42017471,116433.04,On-Time,2,77,Fully Recovered,1,Debt Collectors,No
BRW_293,41,Female,Salaried,57668,3,LN_293,837738,24,11.96,Personal,0.0,603346.431698762,25139.43,On-Time,2,3,Fully Recovered,1,Settlement Offer,No
BRW_294,40,Male,Salaried,159745,1,LN_294,1102425,48,12.36,Personal,0.0,967132.038489885,20148.58,Delayed,1,136,Fully Recovered,1,Legal Notice,No
BRW_295,28,Male,Salaried,222738,1,LN_295,62360,48,14.77,Auto,70377.4007443646,62180.9184565466,1295.44,Delayed,2,32,Fully Recovered,2,Settlement Offer,No
BRW_296,27,Female,Salaried,103204,2,LN_296,423216,60,6.72,Auto,479615.119132328,204909.547031408,3415.16,On-Time,1,70,Fully Recovered,1,Settlement Offer,No
BRW_297,23,Female,Self-Employed,226830,3,LN_297,827567,72,11.67,Home,786422.424297004,165543.020116672,2299.21,On-Time,2,11,Written Off,9,Settlement Offer,Yes
BRW_298,37,Female,Salaried,211501,0,LN_298,669055,48,7.53,Business,689868.964072105,85220.4074205775,1775.43,On-Time,3,13,Partially Recovered,0,Debt Collectors,No
BRW_299,53,Male,Salaried,169741,1,LN_299,311445,72,6.21,Personal,0.0,234888.460229431,3262.34,On-Time,2,141,Written Off,4,Debt Collectors,Yes
BRW_300,32,Female,Salaried,180140,3,LN_300,1799736,72,10.34,Personal,0.0,1595668.08187182,22162.06,On-Time,0,0,Partially Recovered,2,Debt Collectors,No
BRW_301,42,Male,Salaried,234861,1,LN_301,1620234,48,7.12,Home,2018354.11718565,483868.832377562,10080.6,On-Time,0,0,Fully Recovered,1,Debt Collectors,No
BRW_302,42,Female,Self-Employed,155507,3,LN_302,480179,60,7.88,Personal,0.0,116492.978044831,1941.55,On-Time,3,74,Fully Recovered,2,Legal Notice,No
BRW_303,50,Male,Salaried,240160,3,LN_303,104330,48,9.13,Personal,0.0,16273.8714789878,339.04,Missed,4,178,Fully Recovered,1,Calls,No
BRW_304,58,Female,Salaried,198321,2,LN_304,101707,12,8.37,Personal,0.0,85477.8814531827,7123.16,Missed,0,0,Fully Recovered,0,Calls,No
BRW_305,58,Female,Self-Employed,52384,1,LN_305,330833,60,6.14,Personal,0.0,125797.179188435,2096.62,On-Time,0,0,Written Off,10,Calls,No
BRW_306,28,Female,Self-Employed,96929,0,LN_306,1651948,12,6.17,Auto,2190385.4494451,762418.940740655,63534.91,Delayed,2,32,Fully Recovered,0,Legal Notice,No
BRW_307,47,Male,Salaried,142959,2,LN_307,1138963,48,7.51,Personal,0.0,629248.779837633,13109.35,On-Time,1,163,Partially Recovered,2,Calls,No
BRW_308,47,Male,Self-Employed,91153,2,LN_308,1959824,60,5.66,Home,2345049.75339555,1676644.93575335,27944.08,Delayed,2,125,Fully Recovered,0,Legal Notice,No
BRW_309,54,Female,Business Owner,90388,0,LN_309,1625506,12,13.14,Personal,0.0,1114690.57598277,92890.88,On-Time,1,26,Partially Recovered,5,Legal Notice,No
BRW_310,41,Male,Salaried,46401,2,LN_310,1927145,24,8.74,Home,2744395.14008901,1259501.3534966,52479.22,On-Time,3,3,Written Off,3,Legal Notice,Yes
BRW_311,50,Female,Self-Employed,217903,3,LN_311,1571624,72,8.64,Personal,0.0,405643.839578997,5633.94,On-Time,3,146,Partially Recovered,9,Calls,No
BRW_312,53,Female,Self-Employed,134503,3,LN_312,236633,48,9.32,Auto,312432.249950537,132957.197280475,2769.94,On-Time,0,0,Partially Recovered,5,Settlement Offer,No
BRW_313,48,Male,Salaried,247601,1,LN_313,1947268,24,13.62,Home,2067733.3782548,1448461.5063035,60352.56,On-Time,0,0,Fully Recovered,0,Calls,No
BRW_314,53,Female,Salaried,142834,1,LN_314,1769374,60,16.32,Personal,0.0,1726793.65148607,28779.89,Delayed,0,0,Partially Recovered,2,Calls,No
BRW_315,25,Male,Salaried,49084,0,LN_315,884874,48,14.87,Home,1036546.77712455,248884.68581297,5185.1,Delayed,1,72,Written Off,4,Debt Collectors,Yes
BRW_316,39,Female,Self-Employed,125641,1,LN_316,939493,48,14.46,Personal,0.0,102018.622062869,2125.39,On-Time,0,0,Partially Recovered,0,Legal Notice,No
BRW_317,24,Female,Business Owner,120111,3,LN_317,446210,72,11.3,Home,636433.016245007,74861.2274173759,1039.74,On-Time,2,120,Partially Recovered,2,Settlement Offer,No
BRW_318,55,Male,Self-Employed,201898,0,LN_318,828799,60,14.02,Personal,0.0,363235.43256132305,6053.92,On-Time,1,122,Partially Recovered,6,Debt Collectors,No
BRW_319,37,Male,Salaried,182523,0,LN_319,1486564,36,12.19,Business,1663714.92452214,1246469.32035868,34624.15,Delayed,3,112,Partially Recovered,8,Settlement Offer,No
BRW_320,64,Female,Self-Employed,153299,1,LN_320,1460295,60,7.81,Personal,0.0,155416.091666183,2590.27,Missed,2,87,Fully Recovered,0,Settlement Offer,No
BRW_321,48,Male,Salaried,177982,3,LN_321,838245,72,7.71,Home,1110512.80010935,428391.422250232,5949.88,Missed,0,0,Partially Recovered,1,Legal Notice,No
BRW_322,50,Male,Salaried,51041,0,LN_322,929459,24,8.85,Personal,0.0,368351.622654138,15347.98,Delayed,2,47,Fully Recovered,3,Calls,No
BRW_323,49,Male,Salaried,103920,3,LN_323,134381,24,16.84,Personal,0.0,19785.3902164203,824.39,On-Time,2,13,Fully Recovered,3,Legal Notice,No
BRW_324,26,Male,Self-Employed,80681,3,LN_324,1872744,24,12.12,Home,2226337.73773513,946133.974003582,39422.25,On-Time,0,0,Fully Recovered,2,Legal Notice,No
BRW_325,55,Male,Salaried,249386,3,LN_325,891708,60,14.54,Business,938020.068648506,293616.11428963,4893.6,On-Time,2,64,Fully Recovered,0,Debt Collectors,No
BRW_326,61,Male,Self-Employed,96571,1,LN_326,1926251,48,9.51,Personal,0.0,802661.76264118,16722.12,Missed,3,122,Fully Recovered,3,Legal Notice,No
BRW_327,57,Male,Salaried,211553,2,LN_327,243984,48,10.3,Personal,0.0,179341.360070242,3736.28,On-Time,1,29,Fully Recovered,1,Calls,No
BRW_328,44,Female,Salaried,214648,2,LN_328,1158848,72,6.63,Personal,0.0,659843.283142931,9164.49,On-Time,0,0,Fully Recovered,0,Settlement Offer,No
BRW_329,49,Male,Salaried,142556,0,LN_329,1594492,60,7.23,Personal,0.0,338323.595514648,5638.73,Delayed,2,16,Fully Recovered,2,Legal Notice,No
BRW_330,51,Male,Salaried,210246,3,LN_330,1795987,24,15.76,Personal,0.0,1733617.91459065,72234.08,On-Time,3,102,Fully Recovered,3,Settlement Offer,No
BRW_331,55,Male,Business Owner,41160,1,LN_331,1046358,36,12.6,Home,776228.330478418,703487.085287859,19541.31,On-Time,1,125,Partially Recovered,10,Legal Notice,No
BRW_332,53,Male,Salaried,32633,3,LN_332,788096,36,9.39,Personal,0.0,622029.658511845,17278.6,Delayed,1,18,Written Off,0,Settlement Offer,Yes
BRW_333,41,Male,Self-Employed,240952,3,LN_333,303091,36,15.44,Personal,0.0,51917.0135642684,1442.14,On-Time,1,147,Partially Recovered,0,Legal Notice,No
BRW_334,52,Female,Salaried,32014,1,LN_334,902050,60,8.2,Auto,835296.062436496,128409.110072719,2140.15,On-Time,1,161,Written Off,7,Debt Collectors,Yes
BRW_335,43,Female,Self-Employed,95532,2,LN_335,314064,72,17.69,Personal,0.0,36903.53924172089,512.55,Delayed,3,175,Partially Recovered,6,Settlement Offer,No
BRW_336,53,Male,Salaried,64104,3,LN_336,1204697,36,9.48,Personal,0.0,325165.338988927,9032.37,Delayed,0,0,Fully Recovered,3,Legal Notice,No
BRW_337,23,Female,Self-Employed,187693,3,LN_337,520435,48,9.39,Personal,0.0,246148.871019963,5128.1,Missed,2,13,Partially Recovered,10,Legal Notice,No
BRW_338,38,Female,Self-Employed,92231,2,LN_338,651160,60,9.05,Home,955735.417818722,613551.290523924,10225.85,On-Time,2,38,Partially Recovered,1,Debt Collectors,No
BRW_339,45,Male,Salaried,83388,1,LN_339,1966140,36,6.59,Personal,0.0,1005392.95062193,27927.58,On-Time,3,38,Fully Recovered,3,Debt Collectors,No
BRW_340,62,Female,Salaried,31014,0,LN_340,314237,24,6.44,Home,363812.720743432,113511.704192253,4729.65,Delayed,1,144,Fully Recovered,3,Debt Collectors,No
BRW_341,51,Female,Self-Employed,107578,2,LN_341,325049,48,13.43,Personal,0.0,196895.742999182,4101.99,On-Time,2,77,Partially Recovered,1,Settlement Offer,No
BRW_342,23,Male,Business Owner,179827,0,LN_342,696047,12,16.38,Home,740869.211298813,139725.254576287,11643.77,On-Time,1,21,Fully Recovered,0,Settlement Offer,No
BRW_343,60,Male,Salaried,55390,0,LN_343,467567,72,15.28,Personal,0.0,303243.056845574,4211.71,Delayed,0,0,Partially Recovered,5,Debt Collectors,No
BRW_344,44,Female,Self-Employed,38711,2,LN_344,1391701,12,6.83,Home,1994247.16870426,851148.687346344,70929.06,On-Time,3,63,Fully Recovered,1,Calls,No
BRW_345,52,Female,Business Owner,106658,3,LN_345,1958911,36,12.09,Auto,2128379.87950385,1592190.57855563,44227.52,On-Time,0,0,Fully Recovered,0,Calls,No
BRW_346,42,Male,Self-Employed,72993,0,LN_346,1955829,48,6.37,Home,2006841.94591379,1932395.92026718,40258.25,On-Time,3,30,Fully Recovered,1,Legal Notice,No
BRW_347,43,Female,Business Owner,220768,0,LN_347,1469920,72,5.59,Personal,0.0,478879.540190451,6651.1,On-Time,1,142,Fully Recovered,2,Calls,No
BRW_348,22,Female,Self-Employed,173285,1,LN_348,132289,24,13.53,Personal,0.0,73908.6479983408,3079.53,On-Time,1,106,Fully Recovered,2,Legal Notice,No
BRW_349,47,Female,Salaried,203856,3,LN_349,690794,24,11.96,Personal,0.0,634134.292543457,26422.26,On-Time,3,155,Partially Recovered,6,Settlement Offer,No
BRW_350,62,Female,Salaried,22421,0,LN_350,1701377,12,6.07,Personal,0.0,1372451.30899071,114370.94,Delayed,2,152,Partially Recovered,9,Settlement Offer,No
BRW_351,22,Female,Salaried,233008,1,LN_351,1511666,24,5.45,Personal,0.0,814282.582924867,33928.44,Missed,4,158,Partially Recovered,8,Calls,No
BRW_352,46,Male,Self-Employed,245145,3,LN_352,1804867,24,17.87,Auto,2272888.60520239,1716129.78381275,71505.41,On-Time,1,57,Fully Recovered,2,Settlement Offer,No
BRW_353,37,Male,Self-Employed,32727,2,LN_353,1499466,48,5.39,Personal,0.0,227188.628292789,4733.1,On-Time,1,133,Partially Recovered,7,Debt Collectors,No
BRW_354,60,Female,Salaried,127418,2,LN_354,1411236,24,10.78,Home,1711357.3774761,1323596.49127984,55149.85,On-Time,0,0,Fully Recovered,3,Debt Collectors,No
BRW_355,53,Female,Self-Employed,19358,1,LN_355,309480,12,11.56,Home,214519.159402242,45015.9250151679,3751.33,On-Time,1,97,Fully Recovered,0,Calls,No
BRW_356,29,Male,Self-Employed,80108,2,LN_356,1884907,60,6.52,Home,1830825.76590268,1116947.38898348,18615.79,Delayed,3,115,Fully Recovered,0,Calls,No
BRW_357,63,Male,Salaried,109018,0,LN_357,1814622,36,7.2,Personal,0.0,1635694.56054926,45435.96,Delayed,2,113,Fully Recovered,1,Legal Notice,No
BRW_358,59,Female,Salaried,139457,3,LN_358,1586643,36,9.57,Auto,1543034.8197416,533824.211449443,14828.45,Delayed,2,76,Fully Recovered,3,Settlement Offer,No
BRW_359,49,Male,Salaried,178189,0,LN_359,1429932,36,14.9,Personal,0.0,750748.116534284,20854.11,On-Time,0,0,Fully Recovered,3,Legal Notice,No
BRW_360,62,Female,Salaried,234772,0,LN_360,183498,72,11.59,Auto,161152.442098123,71912.1305974876,998.78,On-Time,2,150,Partially Recovered,3,Legal Notice,No
BRW_361,46,Female,Salaried,46910,2,LN_361,1352600,24,13.29,Auto,1375991.16395914,1294342.87601373,53930.95,On-Time,2,109,Partially Recovered,6,Debt Collectors,No
BRW_362,55,Female,Salaried,141888,0,LN_362,1753834,72,17.81,Auto,1601438.79978539,1475467.28322537,20492.6,On-Time,3,78,Fully Recovered,2,Debt Collectors,No
BRW_363,45,Male,Salaried,244104,2,LN_363,1188585,60,14.98,Home,831231.558603106,877296.205205878,14621.6,Delayed,2,145,Fully Recovered,3,Debt Collectors,No
BRW_364,44,Male,Salaried,70754,3,LN_364,773858,12,10.65,Personal,0.0,486651.66014719504,40554.31,Missed,0,0,Fully Recovered,3,Debt Collectors,No
BRW_365,33,Male,Salaried,208510,3,LN_365,473159,72,10.8,Personal,0.0,396759.251400342,5510.55,On-Time,0,0,Fully Recovered,3,Legal Notice,No
BRW_366,27,Male,Salaried,124847,0,LN_366,771755,36,13.04,Home,704123.398386671,349636.145567905,9712.12,Delayed,2,158,Partially Recovered,1,Debt Collectors,No
BRW_367,56,Male,Self-Employed,175443,1,LN_367,94816,12,13.65,Personal,0.0,47673.1690243627,3972.76,On-Time,1,15,Fully Recovered,2,Settlement Offer,No
BRW_368,40,Male,Salaried,197573,2,LN_368,54138,60,11.51,Auto,30981.9293877166,40982.5498582881,683.04,On-Time,2,156,Partially Recovered,6,Debt Collectors,No
BRW_369,21,Male,Business Owner,207018,2,LN_369,1189752,60,13.38,Personal,0.0,502050.700624401,8367.51,On-Time,0,0,Partially Recovered,5,Debt Collectors,No
BRW_370,28,Male,Business Owner,53467,0,LN_370,1436665,48,5.31,Personal,0.0,226290.322217134,4714.38,On-Time,0,0,Fully Recovered,2,Debt Collectors,No
BRW_371,36,Male,Salaried,163697,2,LN_371,840449,24,10.59,Personal,0.0,140271.902933321,5844.66,On-Time,3,25,Written Off,5,Calls,Yes
BRW_372,34,Male,Salaried,48893,2,LN_372,846883,48,8.63,Personal,0.0,172617.215732361,3596.19,Delayed,2,53,Fully Recovered,1,Settlement Offer,No
BRW_373,32,Male,Salaried,91329,1,LN_373,1816892,60,6.68,Home,1954586.72778793,1603794.53503926,26729.91,Delayed,2,160,Fully Recovered,3,Settlement Offer,No
BRW_374,43,Female,Salaried,46007,1,LN_374,406007,36,6.29,Auto,549593.222451934,213155.210997799,5920.98,On-Time,3,54,Fully Recovered,0,Legal Notice,No
BRW_375,35,Female,Self-Employed,237374,0,LN_375,846710,36,12.84,Home,1037462.82719385,627915.167853094,17442.09,On-Time,0,0,Fully Recovered,0,Legal Notice,No
BRW_376,48,Male,Salaried,185604,1,LN_376,271552,12,11.81,Auto,233641.722364774,123180.984311962,10265.08,Delayed,3,67,Fully Recovered,0,Debt Collectors,No
BRW_377,54,Female,Salaried,69253,0,LN_377,93764,24,8.3,Auto,55046.1445197507,31208.3959461316,1300.35,Delayed,1,169,Fully Recovered,0,Calls,No
BRW_378,22,Male,Salaried,27323,3,LN_378,173030,72,11.12,Auto,121492.910547949,71370.1946779606,991.25,Delayed,2,20,Partially Recovered,6,Legal Notice,No
BRW_379,52,Female,Salaried,126335,0,LN_379,968638,36,11.4,Personal,0.0,789211.478743011,21922.54,On-Time,0,0,Written Off,1,Legal Notice,No
BRW_380,43,Male,Self-Employed,127356,3,LN_380,1947951,72,7.54,Auto,2036563.95425726,1290896.438374,17929.12,Missed,11,40,Partially Recovered,5,Debt Collectors,No
BRW_381,42,Female,Salaried,125944,0,LN_381,1718531,36,13.48,Personal,0.0,1622079.82582175,45057.77,On-Time,3,61,Fully Recovered,1,Debt Collectors,No
BRW_382,45,Female,Salaried,219451,2,LN_382,366462,60,15.15,Personal,0.0,260823.575310141,4347.06,Delayed,0,0,Partially Recovered,8,Legal Notice,No
BRW_383,42,Female,Salaried,160282,1,LN_383,939855,36,15.29,Home,664531.13510296,576284.751761527,16007.91,On-Time,1,44,Partially Recovered,0,Legal Notice,No
BRW_384,42,Female,Business Owner,31456,3,LN_384,1464718,36,12.83,Personal,0.0,950860.370100742,26412.79,Delayed,2,141,Partially Recovered,9,Settlement Offer,No
BRW_385,62,Male,Salaried,46367,0,LN_385,110128,24,11.65,Personal,0.0,104416.1336972,4350.67,On-Time,3,19,Partially Recovered,8,Calls,No
BRW_386,26,Male,Salaried,69624,1,LN_386,269128,36,5.79,Personal,0.0,217827.04586785,6050.75,On-Time,0,0,Partially Recovered,8,Settlement Offer,No
BRW_387,35,Female,Self-Employed,156178,0,LN_387,858301,48,8.74,Personal,0.0,104401.256265566,2175.03,On-Time,2,40,Fully Recovered,2,Legal Notice,No
BRW_388,63,Male,Salaried,249565,1,LN_388,1332116,72,6.21,Business,1390693.28511249,773594.03191175,10744.36,On-Time,2,0,Partially Recovered,10,Settlement Offer,No
BRW_389,57,Female,Business Owner,83008,1,LN_389,55039,60,17.53,Personal,0.0,39600.8120498002,660.01,Delayed,0,0,Fully Recovered,0,Settlement Offer,No
BRW_390,53,Male,Self-Employed,140926,0,LN_390,202353,24,6.76,Personal,0.0,156586.544886839,6524.44,Delayed,2,104,Written Off,6,Legal Notice,No
BRW_391,28,Male,Self-Employed,130395,3,LN_391,162935,12,6.97,Home,119203.087099906,47548.9800893747,3962.42,Missed,8,115,Fully Recovered,2,Debt Collectors,No
BRW_392,64,Male,Self-Employed,131492,3,LN_392,1633306,24,16.56,Personal,0.0,1438059.97848057,59919.17,On-Time,2,176,Fully Recovered,3,Legal Notice,No
BRW_393,64,Male,Business Owner,87240,2,LN_393,1958796,48,17.27,Business,2642266.67983425,1880951.15998271,39186.48,Delayed,3,152,Fully Recovered,0,Debt Collectors,No
BRW_394,25,Female,Business Owner,79315,1,LN_394,1388306,60,14.96,Personal,0.0,434600.551456641,7243.34,Delayed,2,120,Partially Recovered,4,Legal Notice,No
BRW_395,59,Male,Self-Employed,215321,2,LN_395,103053,72,5.07,Home,92466.5170906279,92165.8536691723,1280.08,On-Time,3,74,Fully Recovered,2,Legal Notice,No
BRW_396,24,Male,Self-Employed,216659,2,LN_396,1280137,12,5.02,Home,954406.941644703,239745.19189996,19978.77,On-Time,2,8,Fully Recovered,2,Legal Notice,No
BRW_397,26,Male,Salaried,25756,0,LN_397,1837040,48,9.92,Business,2410795.68616106,275806.117595435,5745.96,Delayed,1,59,Written Off,1,Calls,No
BRW_398,52,Male,Salaried,214083,0,LN_398,136346,48,6.86,Home,114917.721495364,29491.8334239285,614.41,Missed,3,73,Written Off,9,Debt Collectors,No
BRW_399,50,Female,Salaried,51378,0,LN_399,379231,60,5.24,Auto,231895.087346789,57630.5865766272,960.51,Delayed,3,180,Fully Recovered,1,Calls,No
BRW_400,55,Male,Salaried,150327,1,LN_400,455841,48,11.03,Personal,0.0,392256.200877593,8172.0,On-Time,3,72,Fully Recovered,1,Legal Notice,No
BRW_401,60,Male,Salaried,160556,0,LN_401,608685,60,17.26,Personal,0.0,93217.1434616249,1553.62,On-Time,1,179,Partially Recovered,10,Settlement Offer,No
BRW_402,36,Male,Salaried,140703,0,LN_402,1419391,60,9.21,Personal,0.0,488977.037419465,8149.62,On-Time,2,116,Written Off,7,Calls,No
BRW_403,33,Female,Salaried,71549,1,LN_403,166214,24,13.59,Auto,177917.043204165,32142.5811960219,1339.27,Delayed,3,18,Fully Recovered,1,Debt Collectors,No
BRW_404,62,Male,Self-Employed,180575,1,LN_404,535001,60,13.48,Personal,0.0,195746.076364911,3262.43,Delayed,0,0,Partially Recovered,1,Legal Notice,No
BRW_405,50,Female,Business Owner,88794,3,LN_405,903329,24,8.26,Personal,0.0,163957.393977625,6831.56,On-Time,2,175,Fully Recovered,2,Calls,No
BRW_406,39,Female,Salaried,246804,0,LN_406,1780085,60,13.46,Personal,0.0,1248200.80993899,20803.35,Delayed,2,59,Partially Recovered,8,Settlement Offer,No
BRW_407,37,Male,Salaried,60113,0,LN_407,1037410,36,7.76,Personal,0.0,228224.115287756,6339.56,On-Time,1,67,Partially Recovered,5,Calls,No
BRW_408,39,Male,Self-Employed,89069,0,LN_408,1497075,48,6.59,Personal,0.0,1297457.01548273,27030.35,Missed,6,160,Fully Recovered,0,Debt Collectors,No
BRW_409,48,Male,Salaried,244189,3,LN_409,450826,72,14.12,Business,487597.26402996096,376652.4753714,5231.28,On-Time,2,150,Fully Recovered,2,Calls,No
BRW_410,46,Male,Self-Employed,151321,0,LN_410,486542,72,6.47,Home,591000.463220545,54636.4853950171,758.84,On-Time,3,169,Written Off,9,Settlement Offer,Yes
BRW_411,57,Female,Salaried,165273,3,LN_411,1375644,60,17.96,Home,1018278.42197652,1246544.92794561,20775.75,On-Time,3,50,Partially Recovered,3,Settlement Offer,No
BRW_412,46,Female,Salaried,140541,2,LN_412,687431,48,7.38,Auto,648777.675403521,86650.5985428886,1805.22,On-Time,3,108,Fully Recovered,3,Debt Collectors,No
BRW_413,43,Male,Business Owner,204648,3,LN_413,422397,60,12.72,Personal,0.0,133342.794565845,2222.38,On-Time,1,29,Partially Recovered,8,Settlement Offer,No
BRW_414,29,Male,Salaried,24686,2,LN_414,412441,48,10.35,Personal,0.0,53266.8475361223,1109.73,On-Time,3,139,Partially Recovered,9,Legal Notice,No
BRW_415,32,Male,Self-Employed,68363,0,LN_415,1885877,72,6.64,Personal,0.0,758611.25702652,10536.27,On-Time,1,57,Fully Recovered,0,Settlement Offer,No
BRW_416,21,Female,Self-Employed,112543,2,LN_416,933520,36,5.36,Personal,0.0,525086.211175468,14585.73,Delayed,0,0,Partially Recovered,9,Legal Notice,No
BRW_417,21,Male,Salaried,146733,3,LN_417,1886022,72,13.1,Home,1475563.10740867,1540842.9742347,21400.6,On-Time,2,165,Fully Recovered,2,Calls,No
BRW_418,54,Male,Self-Employed,190915,1,LN_418,584391,72,15.49,Personal,0.0,236201.138634556,3280.57,On-Time,2,38,Written Off,0,Legal Notice,No
BRW_419,52,Female,Business Owner,110673,2,LN_419,1574314,60,15.95,Personal,0.0,1157027.94043291,19283.8,On-Time,0,0,Fully Recovered,1,Legal Notice,No
BRW_420,45,Female,Salaried,207035,2,LN_420,1995325,36,11.28,Home,1159191.51351504,536251.597810837,14895.88,Delayed,1,68,Fully Recovered,2,Calls,No
BRW_421,60,Male,Self-Employed,57828,0,LN_421,476674,24,15.11,Business,656196.019378973,369679.09189304494,15403.3,On-Time,2,36,Fully Recovered,2,Settlement Offer,No
BRW_422,21,Female,Salaried,63604,3,LN_422,1058109,72,13.75,Auto,1300278.19995735,330550.019413816,4590.97,Missed,3,18,Partially Recovered,5,Legal Notice,No
BRW_423,36,Female,Self-Employed,25526,2,LN_423,132409,24,14.42,Auto,106120.92223988,30346.8558307825,1264.45,Delayed,1,15,Partially Recovered,5,Settlement Offer,No
BRW_424,59,Male,Self-Employed,83910,2,LN_424,1121824,72,11.4,Auto,1233303.00835562,299378.888345821,4158.04,On-Time,1,42,Partially Recovered,0,Calls,No
BRW_425,25,Male,Salaried,40592,2,LN_425,1580952,48,13.23,Personal,0.0,417144.960958824,8690.52,On-Time,0,0,Partially Recovered,2,Debt Collectors,No
BRW_426,42,Male,Business Owner,43982,2,LN_426,748876,36,15.47,Auto,525159.620602991,420551.231490691,11681.98,On-Time,0,0,Fully Recovered,1,Settlement Offer,No
BRW_427,49,Male,Business Owner,15207,1,LN_427,1778106,72,10.17,Personal,0.0,1529736.28310652,21246.34,On-Time,1,78,Written Off,9,Settlement Offer,Yes
BRW_428,23,Female,Self-Employed,247041,3,LN_428,1106600,48,15.48,Home,1538435.8456792,189941.880379916,3957.12,Delayed,3,152,Fully Recovered,3,Debt Collectors,No
BRW_429,32,Female,Self-Employed,103733,0,LN_429,525430,48,12.7,Home,323090.239992649,386853.452583399,8059.45,Missed,9,145,Partially Recovered,1,Debt Collectors,No
BRW_430,46,Male,Self-Employed,245008,0,LN_430,1333440,48,7.16,Personal,0.0,918622.568843556,19137.97,On-Time,0,0,Fully Recovered,1,Calls,No
BRW_431,36,Male,Salaried,139982,1,LN_431,1970955,36,5.32,Auto,993040.341124328,1744823.30549206,48467.31,On-Time,3,73,Partially Recovered,10,Settlement Offer,No
BRW_432,57,Male,Self-Employed,83619,3,LN_432,1273451,60,9.72,Business,1276008.34141916,407164.059567573,6786.07,Delayed,3,112,Partially Recovered,0,Settlement Offer,No
BRW_433,42,Male,Salaried,175400,2,LN_433,986800,36,12.11,Personal,0.0,498431.567695349,13845.32,Delayed,1,31,Partially Recovered,1,Calls,No
BRW_434,49,Female,Salaried,61479,1,LN_434,1452549,72,15.92,Auto,1573296.23682864,1355583.5642285,18827.55,On-Time,3,119,Fully Recovered,1,Settlement Offer,No
BRW_435,34,Male,Self-Employed,166175,3,LN_435,1977716,72,6.66,Personal,0.0,1372523.24560504,19062.82,On-Time,3,176,Fully Recovered,3,Legal Notice,No
BRW_436,48,Male,Salaried,185963,2,LN_436,1971672,36,15.4,Home,2127365.71099827,887038.614711286,24639.96,On-Time,3,77,Fully Recovered,3,Legal Notice,No
BRW_437,25,Male,Salaried,156826,1,LN_437,1510049,60,16.22,Home,837340.181515562,329600.123586394,5493.34,Delayed,1,179,Partially Recovered,7,Legal Notice,No
BRW_438,50,Female,Salaried,246055,3,LN_438,1242503,48,6.96,Home,1011451.87222757,417774.868794357,8703.64,On-Time,1,103,Fully Recovered,2,Settlement Offer,No
BRW_439,25,Male,Salaried,96437,0,LN_439,1183754,36,16.07,Business,1182805.75011921,737589.931705971,20488.61,On-Time,0,0,Written Off,2,Legal Notice,No
BRW_440,32,Female,Self-Employed,113540,0,LN_440,1097380,72,17.89,Auto,786359.666723622,819030.828064561,11375.43,Missed,12,69,Fully Recovered,2,Legal Notice,No
BRW_441,36,Male,Salaried,87982,3,LN_441,937553,12,14.45,Auto,1286909.51681496,198742.201955288,16561.85,Delayed,0,0,Fully Recovered,2,Calls,No
BRW_442,46,Female,Self-Employed,117747,0,LN_442,1615116,36,15.2,Personal,0.0,1033088.81542798,28696.91,Delayed,3,128,Partially Recovered,5,Calls,No
BRW_443,46,Female,Salaried,201994,3,LN_443,856457,48,17.93,Business,502833.860724271,509862.68469836,10622.14,On-Time,1,138,Fully Recovered,0,Debt Collectors,No
BRW_444,41,Male,Self-Employed,63231,2,LN_444,1496250,48,12.87,Personal,0.0,841730.253399875,17536.05,On-Time,1,126,Written Off,0,Debt Collectors,No
BRW_445,59,Male,Salaried,44301,3,LN_445,1162186,48,9.0,Auto,1147524.37472906,838064.883081744,17459.69,Missed,12,112,Partially Recovered,2,Debt Collectors,No
BRW_446,56,Female,Salaried,237724,2,LN_446,1693707,60,15.89,Personal,0.0,1445925.51720602,24098.76,On-Time,3,20,Fully Recovered,1,Debt Collectors,No
BRW_447,53,Female,Self-Employed,208783,1,LN_447,681525,48,12.99,Personal,0.0,266265.489444404,5547.2,On-Time,0,0,Fully Recovered,0,Calls,No
BRW_448,50,Male,Self-Employed,187395,3,LN_448,1575753,48,12.56,Home,1877377.42687452,1418352.56304352,29549.01,On-Time,1,153,Fully Recovered,0,Calls,No
BRW_449,57,Male,Salaried,33752,1,LN_449,1803767,12,8.3,Personal,0.0,441147.748578913,36762.31,On-Time,0,0,Fully Recovered,2,Calls,No
BRW_450,43,Female,Salaried,243984,0,LN_450,748787,36,14.83,Personal,0.0,191480.921923429,5318.91,On-Time,3,10,Partially Recovered,7,Legal Notice,No
BRW_451,30,Male,Salaried,228277,2,LN_451,1585601,24,6.06,Personal,0.0,539254.745768742,22468.95,Delayed,1,110,Fully Recovered,3,Legal Notice,No
BRW_452,25,Male,Salaried,113452,3,LN_452,1753163,36,17.02,Personal,0.0,363917.68806298706,10108.82,Missed,12,82,Fully Recovered,3,Debt Collectors,No
BRW_453,56,Female,Self-Employed,159467,1,LN_453,1530298,48,9.24,Personal,0.0,470241.144004382,9796.69,Missed,7,154,Fully Recovered,3,Legal Notice,No
BRW_454,54,Male,Salaried,232029,2,LN_454,1104244,24,6.66,Personal,0.0,216178.4956434,9007.44,On-Time,2,64,Fully Recovered,3,Settlement Offer,No
BRW_455,51,Male,Salaried,136237,2,LN_455,1321118,36,10.75,Home,1006363.08990747,1109180.51866061,30810.57,On-Time,3,6,Fully Recovered,2,Calls,No
BRW_456,30,Male,Salaried,71273,0,LN_456,228267,24,5.55,Personal,0.0,51376.5313838857,2140.69,On-Time,3,23,Partially Recovered,3,Debt Collectors,No
BRW_457,39,Male,Salaried,106878,0,LN_457,1958241,72,13.9,Home,2201534.30505876,1512873.94477221,21012.14,Delayed,3,58,Partially Recovered,8,Debt Collectors,No
BRW_458,52,Male,Salaried,19895,2,LN_458,205489,72,16.74,Personal,0.0,29410.0955232787,408.47,On-Time,1,172,Partially Recovered,1,Settlement Offer,No
BRW_459,21,Female,Salaried,134968,2,LN_459,394126,48,15.88,Business,523945.251685014,375865.470341574,7830.53,Delayed,3,147,Partially Recovered,5,Legal Notice,No
BRW_460,25,Male,Salaried,130700,3,LN_460,1728997,72,6.66,Auto,1193590.55892841,1279533.99206972,17771.31,Delayed,3,150,Fully Recovered,3,Debt Collectors,No
BRW_461,24,Male,Salaried,91559,2,LN_461,1895759,60,6.64,Personal,0.0,201172.056335953,3352.87,On-Time,2,5,Partially Recovered,1,Legal Notice,No
BRW_462,36,Male,Self-Employed,25699,3,LN_462,358362,48,15.57,Auto,507878.005727542,282199.628812274,5879.16,On-Time,1,172,Fully Recovered,2,Legal Notice,No
BRW_463,44,Male,Salaried,211133,2,LN_463,963081,12,17.02,Auto,1014662.205195,541900.377300077,45158.36,Missed,10,68,Fully Recovered,3,Settlement Offer,No
BRW_464,36,Female,Business Owner,24715,0,LN_464,1892360,60,10.99,Business,1512434.67565916,1516591.52636183,25276.53,Missed,4,147,Fully Recovered,2,Debt Collectors,No
BRW_465,22,Male,Salaried,34169,3,LN_465,1832988,60,11.49,Home,1706252.0484764,1045256.14266127,17420.94,On-Time,3,10,Fully Recovered,0,Legal Notice,No
BRW_466,48,Male,Self-Employed,133413,1,LN_466,1187411,48,9.14,Personal,0.0,803785.070506689,16745.52,On-Time,1,44,Partially Recovered,3,Legal Notice,No
BRW_467,52,Female,Self-Employed,162235,0,LN_467,1720357,60,16.63,Home,1397259.9926151,1389529.7509124,23158.83,Missed,4,120,Fully Recovered,3,Settlement Offer,No
BRW_468,47,Male,Self-Employed,134264,3,LN_468,865359,48,13.38,Home,1060160.96824873,402043.410909084,8375.9,On-Time,3,132,Partially Recovered,9,Settlement Offer,No
BRW_469,40,Male,Self-Employed,20782,3,LN_469,1795030,60,8.75,Home,2326898.57985006,183878.089154986,3064.63,On-Time,0,0,Fully Recovered,0,Legal Notice,No
BRW_470,44,Male,Salaried,234249,1,LN_470,151948,72,8.88,Personal,0.0,131427.703149292,1825.38,On-Time,2,166,Fully Recovered,0,Settlement Offer,No
BRW_471,32,Male,Salaried,139481,3,LN_471,1283770,36,16.59,Auto,1711185.03613693,568455.058743997,15790.42,On-Time,1,113,Partially Recovered,3,Legal Notice,No
BRW_472,55,Male,Salaried,230400,2,LN_472,1652357,60,5.18,Business,2455019.56758075,902911.403569325,15048.52,On-Time,2,71,Fully Recovered,2,Debt Collectors,No
BRW_473,53,Male,Salaried,50585,1,LN_473,1565331,48,9.2,Personal,0.0,167474.729156563,3489.06,On-Time,2,46,Fully Recovered,1,Calls,No
BRW_474,53,Female,Salaried,45682,0,LN_474,343851,60,12.21,Personal,0.0,186670.796865802,3111.18,On-Time,2,149,Fully Recovered,1,Settlement Offer,No
BRW_475,63,Male,Salaried,193936,0,LN_475,1822750,60,6.93,Personal,0.0,1800582.92009338,30009.72,On-Time,0,0,Partially Recovered,4,Calls,No
BRW_476,57,Male,Self-Employed,144992,2,LN_476,1236944,12,6.2,Auto,1597246.35789802,433475.762099431,36122.98,Missed,2,111,Partially Recovered,4,Legal Notice,No
BRW_477,32,Female,Salaried,99416,0,LN_477,1255046,48,15.6,Home,1382287.6723814,572145.906555154,11919.71,Delayed,1,162,Fully Recovered,2,Legal Notice,No
BRW_478,23,Male,Self-Employed,201186,3,LN_478,347986,24,16.63,Home,292036.914756163,250017.848300034,10417.41,Delayed,1,125,Written Off,1,Legal Notice,No
BRW_479,21,Female,Self-Employed,142810,3,LN_479,63261,60,15.71,Home,66082.1526808907,52716.2959810928,878.6,Delayed,3,23,Partially Recovered,0,Calls,No
BRW_480,53,Male,Business Owner,53067,2,LN_480,1175285,48,16.68,Home,635909.307457972,559027.203338009,11646.4,On-Time,1,120,Partially Recovered,7,Legal Notice,No
BRW_481,60,Male,Salaried,188757,0,LN_481,1718849,60,12.19,Personal,0.0,650931.525398352,10848.86,On-Time,1,89,Partially Recovered,6,Settlement Offer,No
BRW_482,30,Female,Salaried,33073,0,LN_482,418760,24,15.56,Home,521282.948628906,395327.538801572,16471.98,Missed,1,104,Fully Recovered,1,Debt Collectors,No
BRW_483,63,Male,Salaried,51035,2,LN_483,903605,48,9.99,Auto,854770.160322949,641044.919848418,13355.1,On-Time,3,85,Partially Recovered,2,Debt Collectors,No
BRW_484,64,Male,Salaried,211049,1,LN_484,1392501,36,13.66,Business,724132.867425301,288413.656975203,8011.49,On-Time,3,82,Fully Recovered,3,Settlement Offer,No
BRW_485,49,Male,Self-Employed,248782,0,LN_485,325796,72,17.85,Business,183262.511516326,52790.3842862804,733.2,Delayed,2,171,Fully Recovered,1,Debt Collectors,No
BRW_486,33,Male,Salaried,105373,1,LN_486,1365823,72,7.93,Business,1212122.10801642,730981.457070449,10152.52,On-Time,3,26,Written Off,8,Calls,No
BRW_487,32,Female,Self-Employed,98362,0,LN_487,1386220,72,10.07,Home,1501860.57809374,413205.926220445,5738.97,On-Time,3,41,Partially Recovered,8,Legal Notice,No
BRW_488,51,Male,Salaried,105517,0,LN_488,820692,60,11.24,Home,791314.467273419,269668.129696078,4494.47,Missed,0,0,Fully Recovered,2,Legal Notice,No
BRW_489,22,Male,Self-Employed,80450,0,LN_489,1723200,60,6.79,Auto,1928612.87955784,1533515.24630053,25558.59,Delayed,1,84,Fully Recovered,0,Legal Notice,No
BRW_490,55,Male,Self-Employed,25382,0,LN_490,478745,24,6.05,Business,469310.974925068,86465.8576801809,3602.74,On-Time,3,105,Partially Recovered,6,Calls,No
BRW_491,43,Female,Salaried,150509,3,LN_491,687787,36,15.79,Personal,0.0,511595.024848839,14210.97,Missed,6,177,Fully Recovered,0,Calls,No
BRW_492,37,Male,Salaried,217043,1,LN_492,723812,48,17.7,Personal,0.0,249011.615033519,5187.74,Delayed,0,0,Fully Recovered,3,Calls,No
BRW_493,46,Female,Salaried,210684,1,LN_493,885825,60,10.26,Personal,0.0,694748.472052788,11579.14,Delayed,3,126,Fully Recovered,0,Settlement Offer,No
BRW_494,28,Male,Salaried,236427,0,LN_494,1522966,72,6.14,Home,1769235.45873735,1142483.77889582,15867.83,On-Time,3,73,Fully Recovered,3,Calls,No
BRW_495,49,Female,Salaried,76929,0,LN_495,1556242,24,5.86,Personal,0.0,165977.428738723,6915.73,On-Time,0,0,Partially Recovered,1,Debt Collectors,No
BRW_496,46,Female,Salaried,248483,1,LN_496,740796,72,16.59,Personal,0.0,413528.529615602,5743.45,Delayed,2,169,Fully Recovered,2,Settlement Offer,No
BRW_497,30,Female,Salaried,243590,3,LN_497,1408126,60,11.03,Personal,0.0,317374.046898762,5289.57,Delayed,2,102,Partially Recovered,9,Settlement Offer,No
BRW_498,46,Female,Salaried,113864,2,LN_498,375203,48,9.16,Personal,0.0,330030.18249879,6875.63,Delayed,3,140,Fully Recovered,3,Settlement Offer,No
BRW_499,54,Male,Salaried,158401,2,LN_499,1769890,24,11.19,Auto,1272774.0306002,1565339.02439741,65222.46,On-Time,3,9,Partially Recovered,9,Calls,No
BRW_500,61,Male,Self-Employed,40169,1,LN_500,394866,12,9.14,Personal,0.0,188158.082059647,15679.84,On-Time,1,116,Written Off,6,Settlement Offer,Yes
